NormalizedName,Gender
Aabad,M
Aaban,M
Aabdar,M
Aabid,M
Aabidullah,M
Aabir,M
Aabis,M
Aadam,M
Aadheen,M
Aadil,M
Aaf,M
Aafa,M
Aafaq,M
Aafiq,M
Aahga,M
Aahil,M
Aaid,M
Aaidun,M
Aaiz,M
Aaki,M
Aakif,M
Aakil,M
Aala,M
Aalam,M
Aalamgir,M
Aalee,M
Aali,M
Aalif,M
Aalii,M
Aalim,M
Abul-kalam,M
Abul-khair,M
Abul-khayr,M
Abul-mahasin,M
Abul-qasim,M
Abul-yumn,M
Abul-yusr,M
Abwan,M
Abyad,M
Abyan,M
Abyaz,M
Abzari,M
Adaan,M
Adab,M
Adalat,M
Adan,M
Adar,M
Adawi,M
Adbul,M
Adbul-qawi,M
Addal,M
Addar,M
Addul,M
Adeeb,M
Adeen,M
Adham,M
Adheem,M
Adheen,M
Adi,M
Adib,M
Allam,M
Allama,M
Allamah,M
Almaas,M
Almahdi,M
Alman,M
Almas,M
Almir,M
Alparslan,M
Alsafi,M
Altaaf,M
Altaam,M
Altaf,M
Altaf-hussain,M
Altair,M
Altamash,M
Altayyib,M
Althaf,M
Altijani,M
Altufail,M
Altufayl,M
Aluf,M
Alvand,M
Alvi,M
Alwan,M
Alwaz,M
Alyaan,M
Alyan,M
Alyasaa,M
Amaad,M
Akin,M
Aklamash,M
Akmal,M
Akmel,M
Aknan,M
Akram,M
Akrama,M
Akwan,M
Akyas,M
Al-abbas,M
Al-amin,M
Al-burhan,M
Al-faiz,M
Al-hasan,M
Al-mamoon,M
Al-rafi,M
Al-safi,M
Al-siddiq,M
Al-tahir,M
Al-tayyib,M
Ala-al-din,M
Ala-ud-din,M
Alaaldin,M
Alaaudeen,M
Aladdin,M
Alaleem,M
Alam,M
Alamat,M
Alamulhuda,M
Alamzeb,M
Adeena,F
Adeeva,F
Aden,F
Adena,F
Adhara,F
Adiba,F
Adifaah,F
Adina,F
Adineh,F
Adira,F
Adiva,F
Adla,F
Adlaa,F
Adlah,F
Adlea,F
Adn,F
Adnanah,F
Adniyyah,F
Adrianna,F
Adyan,F
Aeni,F
Afaf,F
Afana,F
Afeefa,F
Afeefah,F
Afeen,F
Afeera,F
Affera,F
Affra,F
Afifa,F
Aamad,M
Aameen,M
Aamer,M
Aamin,M
Aamir,M
Aamla,M
Aanil,M
Aaqib,M
Aaqif,M
Aaraf,M
Aarib,M
Aarif,M
Aariz,M
Aaryan,M
Aarzam,M
Aas,M
Aasaal,M
Aasal,M
Aashif,M
Aashik,M
Aashiq,M
Aashiq-ali,M
Aashiq-muhammad,M
Aashir,M
Aasif,M
Aasir,M
Aati,M
Aatif,M
Aatik,M
Aatiq,M
Anjum,F
Anjuman,F
Anmar,F
Anmol,F
Ann,F
Annali,F
Annam,F
Annissa,F
Annum,F
Anoosh,F
Anoosha,F
Anooshah,F
Anoud,F
Anoush,F
Anousha,F
Anqa,F
Ansab,F
Ansam,F
Ansara,F
Ansha,F
Ansharah,F
Antarah,F
Anum,F
Anumullah,F
Anush,F
Anusha,F
Anushah,F
Anusheh,F
Anwaar,F
Anwar,F
Ajaar,M
Ajab,M
Ajam,M
Ajaweed,M
Ajawid,M
Ajeeb,M
Ajeel,M
Ajer,M
Ajiad,M
Ajib,M
Ajjaj,M
Ajlah,M
Ajmal,M
Ajmar,M
Ajmel,M
Ajmi,M
Ajrada,M
Ajtaba,M
Ajwaad,M
Ajwad,M
Ajwed,M
Akbar,M
Akber,M
Akdas,M
Akeek,M
Akeem,M
Akeeq,M
Akfah,M
Akfash,M
Akhal,M
Abisali,M
Abiyyi,M
Abkar,M
Ablagh,M
Ablaj,M
Abnus,M
Abood,M
Abou,M
Abqar,M
Abraar,M
Abrad,M
Abraha,M
Abraj,M
Abram,M
Abraq,M
Abrar,M
Abrash,M
Abraz,M
Abreeq,M
Absaar,M
Absar,M
Absat,M
Absham,M
Absi,M
Abteen,M
Abthi,M
Abu-al-khayr,M
Abu-ayyub,M
Abu-bakr,M
Abu-darda,M
Aireen,F
Aisana,F
Aisha,F
Aisooda,F
Aiya,F
Aiyla,F
Ajaar,F
Ajab,F
Ajam,F
Ajaweed,F
Ajeeb,F
Ajeebah,F
Ajia,F
Ajlal,F
Ajrada,F
Ajradah,F
Ajwa,F
Akbari,F
Akhtar,F
Akhtari,F
Akia,F
Akida,F
Akleema,F
Aklima,F
Akshiti,F
Akwan,F
Alalah,F
Alaleh,F
Alam,F
Alamafruz,F
Akhas,M
Akhdan,M
Akhfash,M
Akhil,M
Akhlaak,M
Akhlaaq,M
Akhlaas,M
Akhlak,M
Akhlaq,M
Akhlas,M
Akhmad,M
Akhmas,M
Akhram,M
Akhtab,M
Akhtaf,M
Akhtar,M
Akhtar-zamir,M
Akhter,M
Akhund,M
Akhundzada,M
Akhyar,M
Akhzam,M
Akhzar,M
Akhzer,M
Aki,M
Akib,M
Akida,M
Akif,M
Akili,M
Akim,M
Ansam,M
Ansar,M
Ansari,M
Anshar,M
Antar,M
Antarah,M
Antony,M
Anum,M
Anumullah,M
Anush,M
Anushah,M
Anusheh,M
Anwaar,M
Anwaaraddin,M
Anwar,M
Anwari,M
Anwarul-karim,M
Anwarus-sadat,M
Anwer,M
Anzar,M
Aqdas,M
Aqeeb,M
Aqeed,M
Aqeek,M
Aqeeq,M
Aqib,M
Aqif,M
Aqiq,M
Aql,M
Aqlan,M
Abd-al,M
Abd-al-ala,M
Abd-khayr,M
Abda,M
Abdaal,M
Abdah,M
Abdal,M
Abdallah,M
Abdan,M
Abdel,M
Abdud-daar,M
Abduh,M
Abdul,M
Abdun-naafe,M
Abdun-nasir,M
Abdun-noor,M
Abdur,M
Abdus,M
Abdut-tawwab,M
Abduz-zahir,M
Abedin,M
Abeel,M
Abhaj,M
Abhar,M
Abi,M
Abidain,M
Abideen,M
Abidin,M
Abinus,M
Abir,M
Amjaad,M
Amjad,M
Amlas,M
Ammaar,M
Ammam,M
Amman,M
Ammar,M
Ammuni,M
Amnan,M
Amooz,M
Amr,M
Amrah,M
Amri,M
Amro,M
Amrullah,M
Amsal,M
Amyali,M
Anahid,M
Anam,M
Anan,M
Anaqat,M
Anar,M
Anas,M
Anasat,M
Anasi,M
Anass,M
Anaya,M
Anbas,M
Andaleeb,M
Andalib,M
Altaaf,F
Altaf,F
Altin,F
Altthea,F
Altun,F
Aludra,F
Alvand,F
Alveena,F
Alvina,F
Alwan,F
Alwand,F
Alyaanah,F
Alyan,F
Alzahra,F
Alzena,F
Alzubra,F
Amah,F
Amalia,F
Amalillah,F
Aman,F
Amanaat,F
Amanah,F
Amanat,F
Amanatullah,F
Amani,F
Amanullah,F
Amara,F
Amat,F
Amatullah,F
Amaya,F
Andalus,M
Andalusi,M
Andam,M
Andlib,M
Aneen,M
Aneeq,M
Anees,M
Aneesh,M
Anfa,M
Anfani,M
Anfas,M
Angar,M
Anhar,M
Anif,M
Aniq,M
Anis,M
Anise,M
Anjab,M
Anjam,M
Anjud,M
Anjudi,M
Anjum,M
Anmar,M
Anouar,M
Anoush,M
Anoushiravan,M
Ans,M
Ansaar,M
Ansab,M
Ansah,M
Afifah,F
Afizah,F
Afkar,F
Afnan,F
Afraa,F
Afrah,F
Afraima,F
Afreeda,F
Afrin,F
Afrisham,F
Afrouz,F
Afroz,F
Afroza,F
Afroze,F
Afrozeh,F
Afsa,F
Afsah,F
Afsana,F
Afsanah,F
Afsaneh,F
Afsar,F
Afshan,F
Afsheen,F
Afshin,F
Afsoon,F
Afza,F
Afzoon,F
Aghala,F
Agharid,F
Aghigh,F
Arya,F
Aryan,F
Aryisha,F
Arz,F
Arzanda,F
Arzandeh,F
Asa,F
Asaalat,F
Asadah,F
Asah,F
Asal,F
Asala,F
Asalah,F
Asali,F
Asar,F
Asareh,F
Asas,F
Asbah,F
Asdaf,F
Aseel,F
Aseela,F
Aseelah,F
Asfa,F
Asfia,F
Asfiya.,F
Asfour,F
Asfoureh,F
Asgari,F
Asghia,F
Asha,F
Ashadieeyah,F
Ashalina,F
Ashbah,F
Asheeqa,F
Asheeyana,F
Ashena,F
Ashika,F
Ashiqa,F
Ashiqah,F
Ashira,F
Ashiya,F
Ashna,F
Ashofta,F
Ashofteh,F
Ashraf,F
Ashti,F
Ashwaq,F
Asifa,F
Asilah,F
Asili,F
Asima,F
Asimah,F
Asira,F
Asiya,F
Asiyah,F
Asiyeh,F
Asjad,F
Asli,F
Asma,F
Asmaa,F
Aghla,F
Aghsan,F
Agreen,F
Ahbab,F
Ahdaf,F
Ahdia,F
Aheedah,F
Ahida,F
Ahina,F
Ahlaam,F
Ahlam,F
Ahlem,F
Ahmaraan,F
Ahnaf,F
Ahoo,F
Ahram,F
Ahvaz,F
Ahwaz,F
Ahyas,F
Aicha,F
Aidan,F
Aidana,F
Aighar,F
Aigheen,F
Aigul,F
Aileen,F
Aimal,F
Aimen,F
Ain-alsaba,F
Ainaz,F
Anbar,F
Anbarin,F
Andalah,F
Andalee,F
Andaleeb,F
Andalib,F
Andalus,F
Andalusi,F
Andia,F
Andisheh,F
Andleeb,F
Anfa,F
Anfani,F
Anfas,F
Angbin,F
Angeza,F
Anghum,F
Anhar,F
Anida,F
Anifa,F
Anika,F
Anila,F
Aniq,F
Anisha,F
Anissa,F
Anita,F
Aniya,F
Aniza,F
Anja,F
Anjudiya,F
Aatish,M
Aauf,M
Aaus,M
Aawf,M
Aayaan,M
Aayan,M
Aayiz,M
Aazaad,M
Aazad,M
Aazam,M
Aazim,M
Aazz,M
Abaas,M
Ababil,M
Abad,M
Abadiya,M
Abahat,M
Abahh,M
Abaid,M
Abanus,M
Abasi,M
Abasin,M
Abbaar,M
Abbaas,M
Abbad,M
Abbas,M
Abbood,M
Abbud,M
Abbudin,M
Abd,M
Aaseman,F
Aasfa,F
Aasia,F
Aasimah,F
Aasira,F
Aasiyah,F
Aasma,F
Aasmaa,F
Aatifa,F
Aatifah,F
Aatika,F
Aatikah,F
Aatiq,F
Aatiqa,F
Aatiqah,F
Aatirah,F
Aatiya,F
Aawaz,F
Aaween,F
Aayizah,F
Aayun,F
Abaal,F
Abaasa,F
Abal,F
Abanus,F
Abasah,F
Abbaasah,F
Abda,F
Abdah,F
Abdia,F
Aqleem,M
Aqmar,M
Aqqaad,M
Aqqad,M
Aqrab,M
Aqsaa,M
Aqsad,M
Aqwa,M
Araabi,M
Arab,M
Arad,M
Arafah,M
Arafat,M
Araiz,M
Araj,M
Aram,M
Aran,M
Arandas,M
Arang,M
Arar,M
Aras,M
Arash,M
Arastoo,M
Arax,M
Araysh,M
Araz,M
Arbaab,M
Arbaaz,M
Arbab,M
Arbad,M
Alan,M
Alaqat,M
Alauddin,M
Alaudeen,M
Alawi,M
Albara,M
Alborz,M
Alee,M
Aleef,M
Aleem,M
Aleem-ul-huda,M
Aleemuddin,M
Alfaz,M
Alhakam,M
Alhan,M
Alharith,M
Alhasan,M
Alhazar,M
Alhusain,M
Alhusayn,M
Ali,M
Alibaba,M
Alif,M
Alih,M
Alim,M
Alin,M
Aliyy,M
Allaam,M
Allah-bakhsh,M
Allal,M
Alamara,F
Alayna,F
Aleen,F
Aleena,F
Aleesa,F
Aleeza,F
Aleha,F
Alesha,F
Alfah,F
Alhan,F
Alhena,F
Alia,F
Alicia,F
Alihat,F
Alika,F
Alima,F
Alina,F
Alisa,F
Alisha,F
Alishaba,F
Alishba,F
Aliza,F
Allamah,F
Alleyah,F
Alma,F
Almas,F
Almasa,F
Almash,F
Almaz,F
Almira,F
Arban,M
Arbaz,M
Ardalan,M
Ardam,M
Ardas,M
Ardavan,M
Ardeshir,M
Ardin,M
Areeb,M
Areef,M
Areej,M
Areen,M
Areeq,M
Arees,M
Areesh,M
Areez,M
Aref,M
Arf,M
Arfa,M
Arfaa,M
Arfaan,M
Arfan,M
Arfeen,M
Arhab,M
Arham,M
Arib,M
Arif,M
Arifin,M
Ariiq,M
Arij,M
Arikah,M
Arish,M
Ariz,M
Arjasb,M
Arjmand,M
Arjomand,M
Arkaan,M
Arkan,M
Arkhun,M
Armaan,M
Armaghan,M
Arman,M
Armeen,M
Aroof,M
Aroosh,M
Arqam,M
Arsal,M
Arsalaan,M
Arsalan,M
Arsam,M
Arsan,M
Arsel,M
Arsh,M
Arshad,M
Arshak,M
Arsham,M
Arshama,M
Arshan,M
Arshaq,M
Arshavir,M
Asmar,F
Asmara,F
Asmat,F
Asna,F
Asra,F
Asrar,F
Asreen,F
Asriyah,F
Assia,F
Asu,F
Asuda,F
Asudeh,F
Asya,F
Atafah,F
Atalaya,F
Atanaz,F
Atarin,F
Atarisa,F
Ataya,F
Atayat,F
Ateeb,F
Ateebah,F
Ateef,F
Ateen,F
Ateeqa,F
Ateeqah,F
Ateera,F
Ateeyah,F
Atefeh,F
Atfah,F
Arshi,M
Arshia,M
Arsin,M
Arslaan,M
Arslan,M
Arta,M
Artaban,M
Artabaz,M
Artah,M
Artan,M
Arteban,M
Artepan,M
Arteshtar,M
Artin,M
Arvand,M
Arveen,M
Arwa,M
Arwarh,M
Arya,M
Aryabod,M
Aryaman,M
Aryan,M
Aryano,M
Aryou,M
Arz,M
Arzaan,M
Arzan,M
Arzang,M
Arzhang,M
Asa,M
Asaad,M
Asad,M
Asadel,M
Asadullah,M
Asah,M
Asan,M
Asar,M
Asareer,M
Asbaat,M
Asbagh,M
Asbah,M
Asbat,M
Aseed,M
Aseel,M
Aseer,M
Asfa,M
Asfaq,M
Asfar,M
Asfour,M
Asgar,M
Asger,M
Asghar,M
Asgher,M
Asha,M
Ashaab,M
Ashaar,M
Ashaas,M
Ashaath,M
Ashab,M
Ashaes,M
Ashaj,M
Ashal,M
Ashar,M
Ashaz,M
Ashbal,M
Asheb,M
Asheeq,M
Asher,M
Ashfaaq,M
Ashfaq,M
Ashhab,M
Ashhal,M
Ashham,M
Ashhar,M
Ashhub,M
Ashik,M
Ashil,M
Ashiq,M
Ashir,M
Ashja,M
Ashkan,M
Ashmaan,M
Ashmal,M
Ashmath,M
Ashnad,M
Ashour,M
Ashqar,M
Ashraf,M
Ashrafus-sadat,M
Ashras,M
Abdiqani,F
Abdiya,F
Abeela,F
Abeira,F
Abia,F
Abinus,F
Abisha,F
Abla,F
Abnus,F
Abqurah,F
Abra,F
Abrar,F
Abreshmina,F
Abrisham,F
Absaar,F
Abtahi,F
Aburah,F
Abyah,F
Abyan,F
Ada,F
Adab,F
Adan,F
Adaniyyah,F
Adara,F
Adarina,F
Adawiyah,F
Adeeba,F
Adeebah,F
Adeema,F
Adeen,F
Ashtar,M
Ashti,M
Ashwaq,M
Asif,M
Asil,M
Asim,M
Asir,M
Asiruddin,M
Asjad,M
Askar,M
Askari,M
Asker,M
Asla,M
Aslam,M
Aslan,M
Asma,M
Asmar,M
Aso,M
Asooda,M
Asr,M
Asra,M
Asrar,M
Assab,M
Astaan,M
Astan,M
Aswab,M
Aswad,M
Asyaf,M
Asyam,M
Asyhab,M
Asyqar,M
Asyraf,M
Asyur,M
Ata,M
Ata-al-rahman,M
Ata-allah,M
Ata-ataa,M
Ataa,M
Atabak,M
Atabuk,M
Atah,M
Atal,M
Atallah,M
Atash,M
Ataubaq,M
Ataullah,M
Ataur-rahman,M
Atbin,M
Ateeb,M
Ateek,M
Ateeq,M
Ateer,M
Atf,M
Atfat,M
Atha,M
Athar,M
Athazaz,M
Atheel,M
Atheer,M
Ather,M
Aabida,F
Aabira,F
Aabroo,F
Aadila,F
Aafa,F
Aafaq,F
Aafira,F
Aafiya,F
Aaida,F
Aaila,F
Aaima,F
Aaina,F
Aaiza,F
Aakifah,F
Aala,F
Aalifa,F
Aaliya,F
Aamal,F
Aamilah,F
Aamina,F
Aamirah,F
Aana,F
Aaneseh,F
Aanil,F
Aaqilah,F
Aara,F
Aaribah,F
Aarifah,F
Aarzu,F
Aasal,F
Atfat,F
Atheel,F
Athilah,F
Athir,F
Athmah,F
Atia,F
Atifa,F
Atifah,F
Atifat,F
Atika,F
Atikah,F
Atiqa,F
Atiqah,F
Atira,F
Atirah,F
Atiya,F
Atiyaa,F
Atiyah,F
Atiyyaat,F
Atiyyatullah,F
Atoosa,F
Atqa,F
Atqaa,F
Attarah,F
Attawah,F
Atubah,F
Atuf,F
Atusa,F
Atyaaf,F
Atyaf,F
Afzal,M
Aga,M
Agha,M
Agharid,M
Agharr,M
Aghla,M
Aghlab,M
Aghsan,M
Agreen,M
Agrim,M
Ahab,M
Ahad,M
Ahbab,M
Ahd,M
Ahdaf,M
Ahdawi,M
Ahdee,M
Ahibun,M
Ahid,M
Ahin,M
Ahkam,M
Ahlam,M
Ahmad,M
Ahmadullah,M
Ahmar,M
Ahmed,M
Ahmer,M
Ahnaf,M
Ahram,M
Ahraz,M
Arda,F
Ardah,F
Areeba,F
Areej,F
Areena,F
Areeqa,F
Areesa,F
Areesh,F
Areesha,F
Areez,F
Aresha,F
Arf,F
Arfa,F
Arfaana,F
Arghavan,F
Arhaa,F
Arham,F
Ariana,F
Arianaz,F
Arij,F
Arinah,F
Ariqaat,F
Arisha,F
Arissa,F
Arjumand,F
Armaghan,F
Armaghn,F
Armin,F
Armina,F
Armita,F
Afif,M
Afif-ud-din,M
Afiq,M
Afkar,M
Aflah,M
Afnan,M
Afra,M
Afrad,M
Afrasiab,M
Afraz,M
Afridi,M
Afroze,M
Afruz,M
Afsa,M
Afsah,M
Afsan,M
Afsaneh,M
Afsar,M
Afsar-ud-din,M
Afsaruddin,M
Afseruddin,M
Afshan,M
Afshar,M
Afshin,M
Aftab,M
Aftab-ud-din,M
Aftar,M
Afuww,M
Afza,M
Afzaal,M
Awfa,F
Awisa,F
Awishan,F
Awja,F
Awla,F
Awlya,F
Awqa,F
Awsal,F
Awsam,F
Awsima,F
Awwalan,F
Awwazah,F
Aya,F
Ayaat,F
Ayah,F
Ayamin,F
Ayana,F
Ayaneh,F
Ayat,F
Ayd,F
Aydania,F
Aydi,F
Ayeh,F
Ayineh,F
Ayli,F
Aymalak,F
Aymen,F
Ayna,F
Aynoor,F
Aynunnahar,F
Auraq,F
Ausa,F
Ausaq,F
Ava,F
Avan,F
Avaz,F
Aveed,F
Aveen,F
Avesta,F
Avishan,F
Avivit,F
Avizah,F
Avizeh,F
Awa,F
Awafita,F
Awaidia,F
Awaisha,F
Awaiza,F
Awamila,F
Awamira,F
Awarif,F
Awat,F
Awatif,F
Awayeda,F
Awb,F
Awbi,F
Awbia,F
Awdaq,F
Awdiya,F
Awena,F
Awad,M
Awadi,M
Awadil,M
Awadili,M
Awadini,M
Awais,M
Awaiz,M
Awalmir,M
Awamil,M
Awamir,M
Awamiri,M
Awan,M
Awanah,M
Awani,M
Awasim,M
Awat,M
Awatif,M
Awayed,M
Awb,M
Awbi,M
Awd,M
Awdaq,M
Awelijama,M
Awf,M
Awfa,M
Awfar,M
Awhad,M
Awj,M
Awla,M
Awlan,M
Baaqa,F
Baasima,F
Badaa,F
Badai,F
Badawiya,F
Badaya,F
Badeea,F
Badeeah,F
Badeeda,F
Badeela,F
Badhaa,F
Badia,F
Badiah,F
Badiha,F
Badir,F
Badira,F
Badiyah,F
Badra,F
Badrah,F
Badrai,F
Badran,F
Badri,F
Badriya,F
Badriyah,F
Badriyyah,F
Baduah,F
Badyah,F
Baghisha,F
Baha,F
Bahaar,F
Ayoosh,F
Aypari,F
Ayra,F
Aysal,F
Aysan,F
Ayse,F
Aysen,F
Aysheen,F
Aysoo,F
Aytak,F
Aytan,F
Ayusha,F
Ayyam,F
Ayyubia,F
Az-zahra,F
Azaa,F
Azadah,F
Azaddokht,F
Azadeh,F
Azah,F
Azal,F
Azalia,F
Azarakhsh,F
Azardokht,F
Azari,F
Azarm,F
Azayiz,F
Azbah,F
Azeebah,F
Azeema,F
Azeemah,F
Azeen,F
Azeeza,F
Azeezah,F
Azhaar,F
Azhar,F
Azila,F
Azima,F
Aziman,F
Azin,F
Azita,F
Aziz,F
Aziza,F
Azizah,F
Azka,F
Azma,F
Azmia,F
Azmina,F
Azra,F
Azraa,F
Azrah,F
Azwa,F
Azyan,F
Azza,F
Azzaa,F
Azzah,F
Azzat,F
Baadiyah,F
Baan,F
Baanah,F
Azhaf,M
Azhar,M
Azharan,M
Azharuddin,M
Azher,M
Azhmeer,M
Azil,M
Azim,M
Azimushshan,M
Aziz,M
Azizullah,M
Azka,M
Azlan,M
Azli,M
Azm,M
Azmaray,M
Azmat,M
Azmeer,M
Azmi,M
Azmii,M
Azoom,M
Azraf,M
Azrak,M
Azraq,M
Azraqi,M
Azud,M
Azududdawlah,M
Azududdin,M
Azyan,M
Azzaam,M
Balquees,F
Balsam,F
Banafsaj,F
Banafsha,F
Banafshah,F
Banafsheh,F
Banan,F
Banazir,F
Bano,F
Banou,F
Banu,F
Banujah,F
Baqa,F
Baqat,F
Baqiya,F
Baraa,F
Baraaem,F
Baraah,F
Baraha,F
Baraim,F
Baraka,F
Barakah,F
Baran,F
Barat,F
Barayek,F
Bareea,F
Bareerah,F
Barhamah,F
Baria,F
Bariah,F
Ayaz,M
Aybak,M
Ayd,M
Aydarus,M
Aydarusi,M
Aydeen,M
Aydi,M
Aydin,M
Ayed,M
Ayeen,M
Ayham,M
Ayiq,M
Ayish,M
Aykon,M
Aymaan,M
Ayman,M
Ayn,M
Aynan,M
Aynuddin,M
Aynul-hayat,M
Aynun-naim,M
Ayoob,M
Ayoub,M
Aysar,M
Ayser,M
Ayub,M
Ayyaaz,M
Ayyad,M
Ayyam,M
Ayyan,M
Bahja,F
Bahnaz,F
Bahr,F
Bahraa,F
Bahriyah-al-aabidah,F
Bahsa,F
Bahz,F
Baiza,F
Bajila,F
Bakarah,F
Bakheeta,F
Bakhita,F
Bakhshandeh,F
Bakht,F
Bakhta,F
Bakhtawar,F
Bakhtawara,F
Bakhtia,F
Bakira,F
Bakirin,F
Bakura,F
Balaghah,F
Balbala,F
Baleegha,F
Bali,F
Baligha,F
Baljah,F
Balooja,F
Balqees,F
Balqis,F
Ayyash,M
Ayyashi,M
Ayyasy,M
Ayyaz,M
Ayyub,M
Ayyubi,M
Aza,M
Azaad,M
Azaam,M
Azaan,M
Azab,M
Azad,M
Azain,M
Azal,M
Azali,M
Azam,M
Azan,M
Azarang,M
Azb,M
Azbak,M
Azban,M
Azeeb,M
Azeem,M
Azeez,M
Azfaar,M
Azfar,M
Azfer,M
Azghan,M
Azhaan,M
Azhaar,M
Ambar,F
Ambara,F
Ambareen,F
Ambarin,F
Amber,F
Ambereen,F
Ambra,F
Ambreen,F
Ameera,F
Ameerah,F
Amelia,F
Amial,F
Aminan,F
Aminat,F
Aminu,F
Amira,F
Amiraa,F
Amjad,F
Amlaas,F
Amlahan,F
Amlas,F
Amman,F
Ammatunnaafe,F
Ammuna,F
Ammuni,F
Ammura,F
Ammuri,F
Amna,F
Amnajane,F
Amnan,F
Bahiyyal,M
Bahjat,M
Bahlawan,M
Bahlul,M
Bahman,M
Bahnam,M
Bahoos,M
Bahoosh,M
Bahr,M
Bahradin,M
Bahram,M
Bahrawar,M
Bahri,M
Bahroz,M
Bahsa,M
Bahu,M
Bahuj,M
Bahur,M
Bahz,M
Bahzad,M
Bahzar,M
Baid,M
Baidar,M
Baihas,M
Bailul,M
Bais,M
Baitaar,M
Bajala,M
Bajdan,M
Bajes,M
Barika,F
Barikaa,F
Barikah,F
Barirah,F
Bariyya,F
Bariza,F
Barizia,F
Barja,F
Barjaa,F
Barjees,F
Barkat,F
Barkha,F
Barqah,F
Barrah,F
Barraqa,F
Barsala,F
Barzah,F
Basaair,F
Basaaria,F
Basalah,F
Basama,F
Basbas,F
Baseema,F
Baseemaa,F
Baseemah,F
Baseera,F
Basemah,F
Basha,F
Bashair,F
Bashara,F
Adil,M
Adir,M
Adiv,M
Adiy,M
Adl,M
Adlan,M
Adli,M
Adlii,M
Adnaan,M
Adnan,M
Adr,M
Adrish,M
Aduzahir,M
Aduzzahir,M
Adwam,M
Adyan,M
Aejaz,M
Aerdoan,M
Aetisham,M
Afaak,M
Afam,M
Afandi,M
Afdaal,M
Afdal,M
Afeef,M
Afeen,M
Affaan,M
Affan,M
Afhaam,M
Afham,M
Azzam,M
Azzami,M
Azzan,M
Azzat,M
Azziz,M
Baadi,M
Baadir,M
Baahi,M
Baahir,M
Baakir,M
Baaligh,M
Baaqir,M
Baar,M
Baare,M
Baari,M
Baariq,M
Baariz,M
Baasha,M
Baashir,M
Baasim,M
Baasir,M
Baasit,M
Baaz,M
Bab,M
Babak,M
Babar,M
Babbar,M
Baber,M
Babik,M
Babr,M
Amaan,M
Amaanullah,M
Amaar,M
Amad,M
Amail,M
Amam,M
Aman,M
Amanat,M
Amanuddin,M
Amanullah,M
Amar,M
Amara,M
Amayr,M
Amdad,M
Ameed,M
Ameen,M
Ameer,M
Amer,M
Amerulla,M
Amial,M
Amid,M
Amiduddawlah,M
Amil,M
Amima,M
Amin,M
Amine,M
Aminuddin,M
Amir,M
Amiri,M
Amiruddin,M
Bahameen,F
Bahamin,F
Bahar,F
Bahar-banu,F
Baharah,F
Baharak,F
Baharan,F
Baharbano,F
Bahareh,F
Bahasht,F
Bahayah,F
Baheeja,F
Baheela,F
Baheenah,F
Baheera,F
Baheerah,F
Bahia,F
Bahiga,F
Bahija,F
Bahijah,F
Bahira,F
Bahirah,F
Bahiri,F
Bahiriya,F
Bahisa,F
Bahiya,F
Bahiyaa,F
Bahiyah,F
Bahiyya,F
Bahiyyah,F
Dania,F
Dara,F
Darakhshaan,F
Darakhshan,F
Dardana,F
Daria,F
Dariya,F
Dariyah,F
Darkhshanda,F
Darra,F
Darrah,F
Darya,F
Dasa,F
Dastiaar,F
Daulah,F
Daulat,F
Daumaa,F
Dawha,F
Dawlat-khatoon,F
Dawmah,F
Dawmat,F
Dawub,F
Dawud,F
Daya,F
Dayana,F
Dayanna,F
Dayeah,F
Dayfah,F
Deeba,F
Deebaa,F
Dafiyah,F
Dafqah,F
Dahab,F
Dahiah,F
Dahiyyah,F
Dahma,F
Dahra,F
Daiba,F
Daieba,F
Daima,F
Daiya,F
Dalaal,F
Daleela,F
Dalia,F
Dalila,F
Dalilah,F
Daliya,F
Daliyah,F
Dalkah,F
Dalmaa,F
Dalmah,F
Dalu,F
Dalwah,F
Damaa,F
Damali,F
Dameetha,F
Dana,F
Danah,F
Daneen,F
Danesh,F
Dilara,F
Dildar,F
Dilkash,F
Dilruba,F
Dilshaad,F
Dilshad,F
Dima,F
Dimah,F
Dina,F
Dinar,F
Dinarah,F
Diqrah,F
Dirran,F
Diwa,F
Diya,F
Diyaa,F
Diyana,F
Diyanah,F
Diyanat,F
Djamila,F
Doa,F
Doaa,F
Doha,F
Donya,F
Doost,F
Dordana,F
Dordaneh,F
Doreen,F
Dorna,F
Dornaz,F
Awlya,M
Awmani,M
Awmar,M
Awmari,M
Awn,M
Awni,M
Awrad,M
Aws,M
Awsal,M
Awsam,M
Awsat,M
Awshan,M
Awthal,M
Awwaab,M
Awwab,M
Awwad,M
Awwadi,M
Awwak,M
Awwal,M
Awwalan,M
Awwam,M
Awwaz,M
Ayaan,M
Ayaat,M
Ayaaz,M
Ayad,M
Ayamin,M
Ayan,M
Ayat,M
Ayatullah,M
Babrak,M
Bachir,M
Badaah,M
Badar,M
Badawi,M
Baddar,M
Badee,M
Badeed,M
Badeeh,M
Badeel,M
Badeen,M
Badhaa,M
Badi,M
Badi-al-zaman,M
Badih,M
Badii,M
Badiil,M
Badilayn,M
Badir,M
Badiul-alam,M
Badiuz-zaman,M
Badiy,M
Badr,M
Badr-al-din,M
Badr-e-alam,M
Badr-ud-duja,M
Badran,M
Badrawi,M
Badri,M
Badrud-duja,M
Behsa,M
Behshad,M
Behtash,M
Behzad,M
Bekir,M
Belal,M
Benazir,M
Benyamin,M
Beram,M
Bibi,M
Bidar,M
Bidayat,M
Bihar,M
Bihjan,M
Bijan,M
Bikr,M
Bilaal,M
Bilal,M
Billal,M
Bina,M
Binyamin,M
Birjees,M
Birrah,M
Biryar,M
Bisharah,M
Bishr,M
Bishry,M
Bisyr,M
Bizhan,M
Bodaad,M
Barakat,M
Barakatullah,M
Baram,M
Baraq,M
Barayek,M
Bardia,M
Baree,M
Bareed,M
Bareek,M
Bareeq,M
Baresham,M
Barhi,M
Bari,M
Barii,M
Bariq,M
Barir,M
Barizi,M
Barja,M
Barjees,M
Barkaat,M
Barkat,M
Barkatullah,M
Barkhan,M
Barmak,M
Barni,M
Barqash,M
Barr,M
Barraq,M
Barraz,M
Baryal,M
Ebrah,F
Eeda,F
Eesha,F
Eezah,F
Efah,F
Eftikhar,F
Ehsaneh,F
Ehteram,F
Eifa,F
Eifad,F
Eihaa,F
Eiham,F
Eileen,F
Eiliyah,F
Eilnaz,F
Eima,F
Eimaan,F
Eiman,F
Einas,F
Eira,F
Eithar,F
Eiwa,F
Elaf,F
Eleanor,F
Elham,F
Eliana,F
Elijah,F
Elika,F
Elisha,F
Eliza,F
Chafika,F
Chahra,F
Chahrazad,F
Chakama,F
Chakira,F
Chakori,F
Chaman,F
Chaman-gul,F
Chaman-naz,F
Chamanara,F
Chamis,F
Champa,F
Chana,F
Chand,F
Chanda,F
Chandni,F
Chandra,F
Charagh,F
Chasheen,F
Chashida,F
Chehra,F
Cheragh,F
Cheshideh,F
Chessy,F
Cyra,F
Daaemiyyah,F
Daajiyah,F
Dabir,F
Dafeenah,F
Dafiya,F
Bulainah,F
Bullah,F
Bulooj,F
Bunanah,F
Buqayrah,F
Buraikaat,F
Burdah,F
Burhanah,F
Burum,F
Busain,F
Busaina,F
Busayrah,F
Bushra,F
Bushrah,F
Busr,F
Busrah,F
Busraq,F
Bustan,F
Butaila,F
Buthainaa,F
Buthainah,F
Buthayna,F
Buthaynah,F
Buzur,F
Caitlyn,F
Cala,F
Cantara,F
Carna,F
Chadia,F
Chafia,F
Deema,F
Deena,F
Deenah,F
Del,F
Delara,F
Delaram,F
Delbar,F
Delbaz,F
Deldar,F
Delisha,F
Delkash,F
Delnavaz,F
Delnawaz,F
Delnaz,F
Delnia,F
Delroba,F
Delshad,F
Derakhshan,F
Derakhshandeh,F
Dhaakirah,F
Dhakirah,F
Dhakiyah,F
Dhakiyyah,F
Dhuha,F
Dhuka,F
Dibaaj,F
Didar,F
Dil-afroze,F
Dilafruz,F
Dilalah,F
Batia,F
Batina,F
Batinah,F
Batlaa,F
Batlah,F
Batool,F
Batrisyia,F
Batu,F
Batul,F
Batula,F
Bawan,F
Bawasim,F
Bayan,F
Baydaa,F
Baydah,F
Baysan,F
Bayyina,F
Bayyinat,F
Bayzaa,F
Baza,F
Bazala,F
Bazegha,F
Bazigha,F
Bazilah,F
Bazira,F
Baziriya,F
Bazla,F
Bazriqa,F
Beena,F
Beenish,F
Basili,M
Basim,M
Basimi,M
Basiq,M
Basir,M
Basit,M
Basman,M
Basmat,M
Basmin,M
Basoom,M
Basr,M
Basrah,M
Bassaar,M
Bassam,M
Bassem,M
Bassim,M
Basyar,M
Basyir,M
Batal,M
Batek,M
Bathr,M
Batil,M
Batin,M
Batoor,M
Battaal,M
Bawan,M
Bayan,M
Bayazid,M
Bayd,M
Bayhas,M
Daud,M
Daudi,M
Daulah,M
Daulat,M
Davar,M
Davood,M
Davut,M
Dawar,M
Dawid,M
Dawlah,M
Dawlatyab,M
Dawood,M
Dawoud,M
Dawouss,M
Dawub,M
Dawud,M
Dawwas,M
Dayim,M
Daylam,M
Dayyaan,M
Dayyan,M
Dayyar,M
Dayyin,M
Dean,M
Deeb,M
Deen,M
Deenar,M
Dehqan,M
Dekel,M
Del,M
Ahsab,M
Ahsan,M
Ahsanullah,M
Ahsun,M
Ahtesham,M
Ahvaz,M
Ahwas,M
Ahwaz,M
Ahyam,M
Ahyan,M
Ahyas,M
Ahzab,M
Aibak,M
Aid,M
Aidan,M
Aidh,M
Aighar,M
Aijaz,M
Aimal,M
Aiman,M
Aimen,M
Ain,M
Aish,M
Aissa,M
Aisy,M
Aiyaz,M
Aiz,M
Aizaad,M
Aizat,M
Ajaam,M
Birjees,F
Birrah,F
Bisar,F
Bisharah,F
Bisharat,F
Bishra,F
Bishry,F
Bisma,F
Bismal,F
Bita,F
Bizrah,F
Bokhur,F
Bolour,F
Borna,F
Boshry,F
Budaida,F
Budaira,F
Buddah,F
Budur,F
Buduriya,F
Buhairah,F
Buhaisah,F
Buhaysah,F
Buhayyah,F
Buhjah,F
Buhthah,F
Buhur,F
Bujaybah,F
Bujud,F
Bukrah,F
Delaram,M
Delavar,M
Delawar,M
Delbar,M
Delbaz,M
Deldar,M
Delkash,M
Delnavaz,M
Delnawaz,M
Delshad,M
Dema,M
Dhaakir,M
Dhaamir,M
Dhahi,M
Dhaif,M
Dhaifullah,M
Dhakaa,M
Dhakawaan,M
Dhaki,M
Dhakir,M
Dhakiy,M
Dhakwan,M
Dheeshaan,M
Dhirgham,M
Dhiya,M
Dhiyaa,M
Dhukaa,M
Dhul,M
Dhul-fiqar,M
Dhulfaqaar,M
Fareedah,F
Fareedokht,F
Fareefta,F
Fareeha,F
Fareen,F
Fareenaa,F
Fareess,F
Farha,F
Farhaa,F
Farhah,F
Farhana,F
Farhanah,F
Farhannah,F
Farhat,F
Farhatah,F
Farheen,F
Farhi,F
Farhina,F
Farhiya,F
Faria,F
Fariah,F
Fariba,F
Farid,F
Farida,F
Faridaa,F
Faridah,F
Fariha,F
Farihah,F
Farihat,F
Farimaa,F
Athier,M
Athif,M
Athil,M
Athir,M
Athtar,M
Atif,M
Atik,M
Atila,M
Atiq,M
Atir,M
Atoof,M
Atqa,M
Attaar,M
Attaboak,M
Attaf,M
Attar,M
Attiq,M
Atuf,M
Atyab,M
Aufa,M
Aula,M
Aun,M
Aurang,M
Aurangzeb,M
Auraq,M
Aus,M
Ausaf,M
Ausan,M
Avan,M
Avesta,M
Bayyan,M
Baz,M
Bazaan,M
Bazam,M
Bazan,M
Bazgar,M
Bazigh,M
Bazij,M
Bazija,M
Bazil,M
Bazir,M
Bazish,M
Bazl,M
Bazlur-rahman,M
Bazullah,M
Bedar,M
Bedaruddin,M
Beg,M
Behboud,M
Behdad,M
Behlol,M
Behnam,M
Behr,M
Behrad,M
Behram,M
Behrang,M
Behrokh,M
Behrouz,M
Behroz,M
Behruz,M
Basharat,F
Bashasha,F
Basheera,F
Basheesha,F
Bashira,F
Bashirah,F
Bashrah,F
Bashurah,F
Bashush,F
Bashusha,F
Basila,F
Basilah,F
Basima,F
Basimah,F
Basimia,F
Basinah,F
Basiqa,F
Basira,F
Basiraa,F
Basita,F
Basma,F
Basmaa,F
Basmah,F
Basmat,F
Basmin,F
Basna,F
Basoomah,F
Basoos,F
Bassama,F
Bathna,F
Fania,F
Fanila,F
Fannana,F
Faqeeha,F
Faqiha,F
Faqirah,F
Fara,F
Faraaid,F
Faraal,F
Farafisa,F
Farah,F
Farahat,F
Farahdokht,F
Farahnaz,F
Farahnoush,F
Farahrouz,F
Farahzad,F
Farakh,F
Faranah,F
Farangis,F
Faras,F
Farasah,F
Farashah,F
Faraz,F
Faraza,F
Fardan,F
Fardanah,F
Farea,F
Fareea,F
Fareeda,F
Fatimaa,F
Fatimah,F
Fatin,F
Fatina,F
Fatinah,F
Fatiriyyah,F
Fatma,F
Fatoom,F
Fattahah,F
Fattana,F
Fattuhah,F
Fattumah,F
Fauqiyah,F
Fauz,F
Fauzia,F
Fawha,F
Fawwazaa,F
Fawz,F
Fawza,F
Fawzah,F
Fawzia,F
Fawziya,F
Fawziyah,F
Fawziyya,F
Fawziyyaa,F
Fawziyyah,F
Fawzy,F
Fayha,F
Fayizah,F
Fayona,F
Barzan,M
Basaam,M
Basair,M
Basam,M
Basan,M
Basar,M
Basaud,M
Baseel,M
Baseem,M
Baseer,M
Baseerat,M
Baseet,M
Basel,M
Basem,M
Bashaar,M
Bashaarat,M
Bashar,M
Basharat,M
Bashash,M
Basheer,M
Basheesh,M
Bashir,M
Bashiri,M
Bashirun,M
Bashshar,M
Bashu,M
Bashur,M
Bashwan,M
Bashwi,M
Basil,M
Arnavaz,F
Arnawaz,F
Arnica,F
Arnoush,F
Aroob,F
Arooba,F
Aroofa,F
Aroos,F
Aroosa,F
Aroosh,F
Aroub,F
Aroush,F
Arsala,F
Arshan,F
Arsheeda,F
Arsheen,F
Arshi,F
Arshia,F
Arshiya,F
Arta,F
Artadokht,F
Artadukht,F
Arteena,F
Arub,F
Arubiyyah,F
Arus,F
Arva,F
Arveen,F
Arwaa,F
Arwah,F
Buland,M
Bulbul,M
Bulhut,M
Bulus,M
Bunyan,M
Buqrat,M
Buraik,M
Burak,M
Buraq,M
Burayd,M
Buraydah,M
Burd,M
Burhaan,M
Burhan,M
Burhan-ud-din,M
Bushr,M
Busr,M
Busraq,M
Bustan,M
Busyr,M
Butrus,M
Buzur,M
Cemal,M
Chabuk,M
Chafik,M
Chahid,M
Chaker,M
Chaman,M
Chams,M
Chan,M
Farzan,F
Farzana,F
Farzanah,F
Farzaneh,F
Farzeen,F
Farzin,F
Faseehah,F
Faseelah,F
Fasiha,F
Fasiya,F
Fatat,F
Fateem,F
Fateemah,F
Fateemat,F
Fateenah,F
Fatema,F
Faten,F
Fatheha,F
Fathia,F
Fathima,F
Fathiya,F
Fathiyah,F
Fathiyya,F
Fathiyyaa,F
Fathiyyaat,F
Fathiyyah,F
Fatiha,F
Fatihah,F
Fatim,F
Fatima,F
Diryas,M
Diwan,M
Diwan-muhammad,M
Diya,M
Diya-al-din,M
Diyaa,M
Diyaaudeen,M
Diyab,M
Diyan,M
Diyari,M
Dizhwar,M
Djamel,M
Djillali,M
Dler,M
Dmaurah,M
Doost,M
Dorrah,M
Dost,M
Dost-muhammad,M
Douha,M
Dowana,M
Droon,M
Duha,M
Duhat,M
Duhr,M
Dulamah,M
Duman,M
Duqaq,M
Durrah,M
Durrishahwar,M
Daniel,M
Danish,M
Daniyal,M
Danyal,M
Daoud,M
Daqeeq,M
Daqr,M
Dar,M
Dara,M
Darab,M
Darakhshan,M
Dareeb,M
Dareeq,M
Daria,M
Darim,M
Daris,M
Dariush,M
Darkan,M
Darmal,M
Darman,M
Darrak,M
Daruj,M
Darvesh,M
Darweesh,M
Darwesh,M
Darwish,M
Daryab,M
Daryush,M
Dastan,M
Dastgir,M
Dhulfiqaar,M
Dhulkifl,M
Dhunnoon,M
Dhushshimalain,M
Diaab,M
Diakou,M
Diar,M
Diaudin,M
Dibaaj,M
Didar,M
Dihya,M
Dihyah,M
Dihyat,M
Dil,M
Dil-nawaz,M
Dilafroz,M
Dilaram,M
Dilawar,M
Dilbar,M
Dildar,M
Dilf,M
Dilnawaz,M
Dilshad,M
Din,M
Dina,M
Dinar,M
Dirar,M
Diras,M
Dirbas,M
Dirgham,M
Faariha,F
Faarihah,F
Faariqah,F
Faatihah,F
Faatin,F
Faatina,F
Faazila,F
Fadah,F
Fadeelah,F
Fadheela,F
Fadhila,F
Fadia,F
Fadila,F
Fadilah,F
Fadiya,F
Fadiyah,F
Fadwa,F
Fadwah,F
Fadyaa,F
Faeezah,F
Faekah,F
Faghira,F
Fahada,F
Fahadah,F
Fahama,F
Fahdah,F
Faheema,F
Faheemah,F
Fahemah,F
Fahhaamat,F
Faatih,M
Faatir,M
Faaz,M
Faazil,M
Fabil,M
Fadee,M
Fadel,M
Fadhiil,M
Fadhl,M
Fadhlullah,M
Fadi,M
Fadil,M
Fadl,M
Fadl-allah,M
Fadlallah,M
Fadlullah,M
Fady,M
Faeq,M
Faghir,M
Fahad,M
Faham,M
Fahd,M
Fahdi,M
Fahduddin,M
Fahdullah,M
Faheem,M
Fahhaam,M
Fahid,M
Fahiim,M
Fahim,M
Farimah,F
Farimehr,F
Farin,F
Farinaz,F
Farinoush,F
Farisaa,F
Farisha,F
Farishta,F
Farivash,F
Fariza,F
Farizah,F
Farkhanda,F
Farkhandah,F
Farkhondah,F
Farnaz,F
Farniya,F
Farokh,F
Farradah,F
Farrah,F
Farrahah,F
Farrajah,F
Farrokh,F
Farrokhnaz,F
Farshidah,F
Farvardin,F
Farwa,F
Farwah,F
Farya,F
Faryal,F
Faryat,F
Fikriyyah,F
Fila,F
Filza,F
Firasah,F
Firdaus,F
Firdausi,F
Firdaws,F
Firdevs,F
Firdoos,F
Firdous,F
Firdowsa,F
Firouzah,F
Firoza,F
Firtan,F
Firuz,F
Firuze,F
Firuzeh,F
Firyal,F
Firzah,F
Fitrah,F
Fitriyyah,F
Fiza,F
Fizah,F
Fizza,F
Fizzah,F
Fizzi,F
Fizziyah,F
Flora,F
Folla,F
Foram,F
Balay,M
Baleegh,M
Baleel,M
Baligh,M
Balj,M
Balooj,M
Bamdad,M
Bamdat,M
Banaan,M
Bandar,M
Bani,M
Banna,M
Baqa,M
Baqai,M
Baqar,M
Baqee,M
Baqer,M
Baqi,M
Baqian,M
Baqir,M
Bara,M
Baraa,M
Baraaem,M
Barack,M
Barafi,M
Barahim,M
Baraj,M
Barak,M
Baraka,M
Barakah,M
Dafiq,M
Dagar,M
Daghfal,M
Dahaa,M
Dahbal,M
Dahban,M
Dahee,M
Dahhaak,M
Dahhak,M
Dahi,M
Dahus,M
Daib,M
Daiyan,M
Dakheel,M
Dakhil,M
Dalaj,M
Dalal,M
Daleel,M
Daler,M
Dalil,M
Dalir,M
Dalu,M
Dameer,M
Damian,M
Damurah,M
Dana,M
Daneer,M
Danesh,M
Daneshvar,M
Dani,M
Eilshan,M
Eimam,M
Eiman,M
Einas,M
Eira,M
Eisa,M
Eisun,M
Eisuni,M
Eithar,M
Eitzaz,M
Eiwa,M
Ejaaz,M
Ejaz,M
Ejlaal,M
Ekhlaq,M
El-amin,M
Elaf,M
Eliar,M
Elias,M
Elijah,M
Emad,M
Emir,M
Emran,M
Eraj,M
Erdogan,M
Erol,M
Esa,M
Esam,M
Esfand,M
Esfandiar,M
Fahhama,F
Fahimah,F
Fahimat,F
Fahisa,F
Fahm,F
Fahmara,F
Fahmat,F
Fahmedah,F
Fahmeeda,F
Fahmeedah,F
Fahmida,F
Fahmideh,F
Faida,F
Faiha,F
Faihaa,F
Faihah,F
Faiqa,F
Faiqah,F
Fairooza,F
Fairuz,F
Fairuza,F
Fairuzah,F
Faitahah,F
Faiza,F
Faizah,F
Faizee,F
Faizia,F
Faizunnisa,F
Fakeeaha,F
Fakeehah,F
Fakhira,F
Fakhirah,F
Fakhitah,F
Fakhr-jahan,F
Fakhra,F
Fakhri,F
Fakhriya,F
Fakhriyah,F
Fakhriyya,F
Fakhta,F
Fakhtah,F
Fakiha,F
Fakihah,F
Fakira,F
Falahah,F
Falahat,F
Falak,F
Falakara,F
Falaki,F
Falaknaz,F
Falaq,F
Faleehah,F
Falih,F
Faliha,F
Falihah,F
Falina,F
Falisha,F
Famida,F
Famya,F
Fanan,F
Fusaylah,F
Fuseelah,F
Futaihah,F
Futaimah,F
Futun,F
Fuzailah,F
Gabina,F
Gabriella,F
Galai,F
Galawezh,F
Galiah,F
Galila,F
Gamila,F
Gasheen,F
Gathbiyya,F
Gawahir,F
Gazala,F
Gazbiyya,F
Geela,F
Gelarah,F
Ghaada,F
Ghaaliya,F
Ghaaniyah,F
Ghada,F
Ghadaat,F
Ghadah,F
Ghaddaa,F
Ghadeer,F
Ghadia,F
Ghadinah,F
Fahima,M
Fahis,M
Fahkir,M
Fahm,M
Fahmat,M
Fahmawi,M
Fahmee,M
Fahmi,M
Fahmun,M
Fahyim,M
Faid,M
Faih,M
Faihami,M
Faihan,M
Faik,M
Faiq,M
Fairoz,M
Fairoze,M
Fairuz,M
Faisal,M
Faishal,M
Faitah,M
Faiyaz,M
Faiz,M
Faiz-e-rabbani,M
Faizaan,M
Faizan,M
Faizee,M
Faizeen,M
Faizel,M
Faramorz,M
Faraqlit,M
Faras,M
Farasat,M
Faraz,M
Farazdaq,M
Farbad,M
Farboud,M
Farbud,M
Fard,M
Fardain,M
Fardan,M
Fardeen,M
Fardun,M
Fare,M
Fareed,M
Fareeman,M
Fareeq,M
Farees,M
Fareh,M
Farehan,M
Fares,M
Farhaat,M
Farhad,M
Farhal,M
Farham,M
Farhan,M
Farhand,M
Farhang,M
Farhat,M
Ghufrah,F
Ghufran,F
Ghufrana,F
Ghumaysa,F
Ghuncha,F
Ghunwah,F
Ghunyah,F
Ghuraibah,F
Ghuraisah,F
Ghuraizat,F
Ghurrah,F
Ghusn,F
Ghusna,F
Ghusoon,F
Ghusoun,F
Ghusun,F
Ghuwaidah,F
Ghuzail,F
Ghuzayyah,F
Goharnaz,F
Goharshad,F
Golab,F
Golafruz,F
Golafshan,F
Golala,F
Golan,F
Golara,F
Golbahar,F
Golbakht,F
Golbar,F
Faizi,M
Faizul-anwar,M
Faizullah,M
Faizurrahman,M
Fajaruddin,M
Fajer,M
Fajr,M
Fajruddin,M
Fakeeh,M
Fakhar,M
Fakhar-ud-dawlah,M
Fakhar-uddin,M
Fakharul-islam,M
Fakhir,M
Fakhiri,M
Fakhitah,M
Fakhr,M
Fakhr-al-din,M
Fakhr-ud-dawlah,M
Fakhr-ud-din,M
Fakhri,M
Fakhrjahan,M
Fakhruddin,M
Fakhrul,M
Fakhry,M
Fakih,M
Falah,M
Falak,M
Falaq,M
Faleeh,M
Falih,M
Falihi,M
Faliq,M
Fallah,M
Falooh,M
Fani,M
Fannan,M
Faouzi,M
Faoz,M
Faqeed,M
Faqeeh,M
Faqeer,M
Faqih,M
Faqiih,M
Faqir,M
Fara,M
Faraasat,M
Faraaz,M
Farafisa,M
Farag,M
Farah,M
Farahaat,M
Farahan,M
Farahat,M
Farahmand,M
Faraj,M
Farajuddin,M
Farajullah,M
Farakh,M
Faramarz,M
Golbaran,F
Golbarg,F
Golbouta,F
Golchaman,F
Golcheen,F
Golchehr,F
Goldana,F
Goldar,F
Goldees,F
Goldokht,F
Goleen,F
Golesorkh,F
Golestan,F
Golestana,F
Golezar,F
Golfam,F
Golfar,F
Golghees,F
Goljahan,F
Golkhanda,F
Golkhandan,F
Golmehr,F
Golnam,F
Golnar,F
Golnaz,F
Golnisa,F
Golnoush,F
Golpaikar,F
Golpar,F
Golpara,F
Farhatullah,M
Farheen,M
Farhi,M
Farhiyyan,M
Fari,M
Fariborz,M
Farid,M
Farid-uddin,M
Farida,M
Faridun,M
Farih,M
Fariishta,M
Fariq,M
Farique,M
Faris,M
Farivar,M
Fariz,M
Farjad,M
Farjam,M
Farman,M
Farmanullah,M
Farnad,M
Farnam,M
Farnoud,M
Farokh,M
Farood,M
Farookh,M
Farooq,M
Farouk,M
Faroukh,M
Guladh,F
Gulala,F
Gulalai,F
Gulali,F
Gulbahar,F
Gulchin,F
Guldin,F
Guleen,F
Gulika,F
Gulistan,F
Gulnar,F
Gulnaz,F
Gulrez,F
Gulru,F
Gulrukh,F
Gulsana,F
Gulshan,F
Gulzaar,F
Gulzar,F
Guzeeda,F
Guzeena,F
Haadiya,F
Haadiyah,F
Haafizah,F
Haajar,F
Haajirah,F
Haala,F
Haalah,F
Haalimah,F
Haamidah,F
Amnati,F
Amnian,F
Amra,F
Amras,F
Amreen,F
Amrozia,F
Amsah,F
Amsal,F
Amtullah,F
Amyali,F
Amytis,F
Ana,F
Anaan,F
Anabia,F
Anadil,F
Anahid,F
Anahit,F
Anahita,F
Anam,F
Anan,F
Anaqat,F
Anar,F
Anarat,F
Anasa,F
Anasat,F
Anasi,F
Anasiya,F
Anat,F
Anaum,F
Anaya,F
Beeta,F
Beetaa,F
Begum,F
Behafarin,F
Behasht,F
Behashta,F
Behashteh,F
Behdokht,F
Beheen,F
Beheena,F
Behnaz,F
Behrokh,F
Behsa,F
Behshid,F
Behy,F
Benazeer,F
Benazir,F
Benzair,F
Berka,F
Besharat,F
Bhajat,F
Bidar,F
Bidayah,F
Bidayat,F
Billah,F
Bilqees,F
Bilqis,F
Binesh,F
Binish,F
Binnaz,F
Dorsa,F
Dost,F
Douha,F
Dounia,F
Drakhshan,F
Dua,F
Duaa,F
Dubaah,F
Duha,F
Duhat,F
Dujanah,F
Dunaa,F
Dunia,F
Duniya,F
Dunya,F
Dunyana,F
Durafshan,F
Durar,F
Durdanah,F
Duriya,F
Durr,F
Durra,F
Durrah,F
Durrdana,F
Durri,F
Durriya,F
Durriyah,F
Durriyyah,F
Durruya,F
Duryab,F
Haiqa,F
Haiza,F
Hajar,F
Hajira,F
Hajirah,F
Hajjah,F
Hajna,F
Hajra,F
Hajraa,F
Hajrah,F
Hajun,F
Hakeema,F
Hakeemah,F
Hakima,F
Hakimah,F
Hala,F
Halaa,F
Halaat,F
Halah,F
Halawah,F
Haleefa,F
Haleema,F
Haleemah,F
Halia,F
Halima,F
Halimah,F
Haliyah,F
Hallamah,F
Hallumah,F
Hamama,F
Abu-dawud,M
Abu-hanifa,M
Abu-hurairah,M
Abu-huzaifah,M
Abu-isa,M
Abu-juhafa,M
Abu-mahzoorah,M
Abu-masood,M
Abu-moosa,M
Abu-saeed,M
Abu-talha,M
Abu-talib,M
Abu-turab,M
Abu-ubaidah,M
Abu-yousuf,M
Abu-zar,M
Abudah,M
Abudain,M
Abul-alaa,M
Abul-barakat,M
Abul-bashar,M
Abul-bashr,M
Abul-farah,M
Abul-faraj,M
Abul-fath,M
Abul-fazl,M
Abul-haisam,M
Abul-hasan,M
Abul-hassan,M
Abul-husain,M
Bokhur,M
Borna,M
Borumand,M
Borzan,M
Borzou,M
Boshry,M
Bostan,M
Botros,M
Boulos,M
Boutros,M
Bouzid,M
Bozorg,M
Bozorgmehr,M
Brahin,M
Budaid,M
Budail,M
Budaili,M
Budair,M
Budaiwi,M
Budayl,M
Budool,M
Budur,M
Buhair,M
Buhur,M
Bujaij,M
Bujair,M
Bujud,M
Bukair,M
Bukhari,M
Bukran,M
Firaas,M
Firas,M
Firasah,M
Firdaus,M
Firdo,M
Firdos,M
Firdous,M
Firhad,M
Firouz,M
Firoz,M
Firtan,M
Firuz,M
Firwad,M
Firyal,M
Fizan,M
Fizza,M
Fizzi,M
Fojan,M
Foroohar,M
Foroud,M
Foruhar,M
Forutan,M
Fouad,M
Fozhan,M
Fravash,M
Fuad,M
Fudail,M
Fuhaid,M
Fuhaim,M
Fujai,M
Badruddin,M
Badrudeen,M
Badshah,M
Baghawi,M
Baghish,M
Baha,M
Baha-al-din,M
Baha-ud-dawlah,M
Bahadur,M
Bahamin,M
Bahar,M
Bahat,M
Bahauddin,M
Bahaudeen,M
Baheej,M
Baheen,M
Baheer,M
Bahhas,M
Bahi,M
Bahij,M
Bahili,M
Bahir,M
Bahiri,M
Bahirun,M
Bahis,M
Bahiy,M
Bahiy-ud-din,M
Bahiyudeen,M
Bahiyy,M
Bahiyy-al-din,M
Fulaih,M
Fulaihan,M
Furaij,M
Furat,M
Furhud,M
Furoogh,M
Furookh,M
Furough,M
Furozh,M
Furqaan,M
Furqan,M
Furqau,M
Fursat,M
Furud,M
Futaih,M
Futaim,M
Futain,M
Futooh,M
Futuh,M
Fuwaad,M
Fuwad,M
Fuzail,M
Fuzailan,M
Fuzzal,M
Gabir,M
Gabr,M
Gabriel,M
Gafar,M
Gahez,M
Galal,M
Elizabeth,F
Elma,F
Elmira,F
Elnaz,F
Elsa,F
Elsana,F
Emaan,F
Eman,F
Emily,F
Emma,F
Emna,F
Ereshva,F
Erina,F
Ermina,F
Erum,F
Eshaal,F
Eshal,F
Esita,F
Etemad,F
Etimad,F
Eva,F
Ezzah,F
Faadilah,F
Faahima,F
Faaiza,F
Faaizah,F
Faakhira,F
Faakihah,F
Faakirah,F
Faariah,F
Golparee,F
Golpasand,F
Golreez,F
Golrokh,F
Golsa,F
Golseema,F
Golsha,F
Golshad,F
Golshan,F
Golsheed,F
Golshekar,F
Goltala,F
Golzaar,F
Golzad,F
Golzar,F
Golzari,F
Gouzal,F
Grace,F
Grana,F
Guadalupe,F
Guhika,F
Gul,F
Gul-bano,F
Gul-barg,F
Gul-e-rana,F
Gul-filiz,F
Gul-gazel,F
Gul-pari,F
Gul-rang,F
Gulab,F
Chanan,M
Chanchal,M
Chand,M
Changez,M
Charagh,M
Chargul,M
Chawki,M
Cheragh,M
Chessy,M
Chishti,M
Chokri,M
Coman,M
Daaem,M
Daafi,M
Daai,M
Daalii,M
Daamin,M
Daanaa,M
Daanii,M
Daanish,M
Daarii,M
Dabbah,M
Dabir,M
Daboor,M
Dadmehr,M
Dadvar,M
Dadwar,M
Daeb,M
Daeej,M
Daffa,M
Duryab,M
Dyab,M
Dzaki,M
Dzakir,M
Dzakwan,M
Dzimaar,M
Dzubyan,M
Dzulfaqar,M
Ebi,M
Ebrahim,M
Eeda,M
Eezah,M
Ehab,M
Ehan,M
Ehsaan,M
Ehsaas,M
Ehsan,M
Ehsun,M
Ehtiram,M
Ehtisham,M
Eid,M
Eidi,M
Eifad,M
Eihab,M
Eiham,M
Eijaz,M
Eiliad,M
Eiliar,M
Eilman,M
Eilqar,M
Hannufah,F
Hanoon,F
Hanoona,F
Hansaa,F
Hantama,F
Hanunah,F
Hanwa,F
Hanyah,F
Hanzalah,F
Haola,F
Haqqaat,F
Harayir,F
Hareer,F
Harika,F
Harisa,F
Harisah,F
Haritha,F
Harmalah,F
Haroona,F
Harz,F
Harzanah,F
Hasana,F
Hasanaa,F
Haseemah,F
Haseena,F
Haseenah,F
Hashimah,F
Hasiba,F
Hasibah,F
Hasifa,F
Ghadir,F
Ghadiya,F
Ghaffara,F
Ghafira,F
Ghaida,F
Ghaidaa,F
Ghaisat,F
Ghalia,F
Ghaliaa,F
Ghaliba,F
Ghalibah,F
Ghaliya,F
Ghaliyah,F
Ghamza,F
Ghaneemah,F
Ghania,F
Ghaniya,F
Ghaniyah,F
Gharam,F
Ghareezat,F
Gharidah,F
Gharisah,F
Gharizah,F
Gharra,F
Ghashia,F
Ghasina,F
Ghasna,F
Ghassana,F
Ghatiya,F
Ghatola,F
Fatan,M
Fateem,M
Fateen,M
Fateenah,M
Fateh,M
Fath,M
Fathan,M
Fathi,M
Fathuddin,M
Fathullah,M
Fatih,M
Fatiha,M
Fatihi,M
Fatik,M
Fatim,M
Fatin,M
Fatnan,M
Fatooh,M
Fattah,M
Fattan,M
Fattooh,M
Faudel,M
Fauhad,M
Fauz,M
Fauzaan,M
Fauzi,M
Fawad,M
Fawaid,M
Fawaz,M
Fawiz,M
Anwara,F
Anwarah,F
Anzar,F
Apana,F
Aphra,F
Aqdas,F
Aqiba,F
Aqidah,F
Aqiq,F
Aqlimah,F
Aqrab,F
Aqsa,F
Aqsaa,F
Aquilah,F
Araam,F
Arafaa,F
Araj,F
Aram,F
Arameh,F
Aramesh,F
Aran,F
Arang,F
Arar,F
Ararah,F
Aras,F
Arash,F
Arasteh,F
Arax,F
Araz,F
Arbab,F
Hamamah,F
Hamas,F
Hamasah,F
Hamda,F
Hamdam,F
Hamdan,F
Hamdanah,F
Hamdat,F
Hamdiya,F
Hamdiyah,F
Hameda,F
Hameeda,F
Hameedah,F
Hamida,F
Hamidah,F
Hamidat,F
Hamima,F
Hamimah,F
Hammada,F
Hammadah,F
Hammadiyyah,F
Hammatah,F
Hammudah,F
Hammuzah,F
Hamna,F
Hamnah,F
Hamra,F
Hamraa,F
Hamraz,F
Hamta,F
Gamal,M
Gamali,M
Gamil,M
Gauhar,M
Gawdat,M
Ghaalib,M
Ghaanim,M
Ghaazi,M
Ghadeer,M
Ghadef,M
Ghadfan,M
Ghadi,M
Ghadif,M
Ghadir,M
Ghaffar,M
Ghaffari,M
Ghafir,M
Ghafiri,M
Ghafr,M
Ghafur,M
Ghafuri,M
Ghaidan,M
Ghailam,M
Ghailum,M
Ghais,M
Ghaisan,M
Ghaisullah,M
Ghaith,M
Ghaits,M
Ghaiyyas,M
Farqad,M
Farrad,M
Farraj,M
Farrajuddin,M
Farras,M
Farrokhzad,M
Farrooh,M
Farrukh,M
Farsad,M
Farshad,M
Farsheed,M
Fartash,M
Faruq,M
Farvardin,M
Farwa,M
Farwah,M
Farwan,M
Faryar,M
Farzad,M
Farzam,M
Farzan,M
Farzeen,M
Farzin,M
Fasahat,M
Faseeh,M
Fashih,M
Fasih,M
Fasih-ur-rahman,M
Fasikh,M
Fastiq,M
Husniyyah,F
Hutaf,F
Hutun,F
Huveida,F
Huwaidah,F
Huwainaa,F
Huwaydah,F
Huzuz,F
Hzim,F
Iba,F
Ibadaat,F
Ibadah,F
Ibadat,F
Ibhar,F
Ibrah,F
Ibrat,F
Ibreez,F
Ibrisami,F
Ibthaj,F
Ibtihal,F
Ibtihl,F
Ibtisama,F
Idrak,F
Ieasha,F
Iffah,F
Iffat,F
Ifra,F
Ifrah,F
Iftin,F
Iftinan,F
Hadiqa,F
Hadiqah,F
Hadiya,F
Hadiyah,F
Hadiyya,F
Hadiyyah,F
Hadjara,F
Hadya,F
Haeda,F
Haelah,F
Haemah,F
Hafa,F
Hafeeza,F
Hafeezah,F
Haffafa,F
Hafida,F
Hafifah,F
Hafiza,F
Hafizah,F
Hafsa,F
Hafthah,F
Hafza,F
Hager,F
Hagir,F
Haibaa,F
Haibah,F
Haida,F
Haidarah,F
Haifa,F
Haimi,F
Ghuraib,M
Ghurais,M
Ghurrah,M
Ghusharib,M
Ghusun,M
Ghutaif,M
Ghutayf,M
Gibran,M
Gibril,M
Gileem,M
Giraami,M
Gogal,M
Gohar,M
Gohar-tab,M
Gorbat,M
Gord,M
Gran,M
Guda,M
Gul,M
Gul-baz,M
Gul-e-rana,M
Gul-hasham,M
Gul-jan,M
Gul-mast,M
Gul-rang,M
Gul-yar,M
Gul-zaman,M
Gul-zar,M
Gulab,M
Gulbar,M
Fawwaz,M
Fawz,M
Fawzan,M
Fawzi,M
Fawzy,M
Fay,M
Fayaaz,M
Fayad,M
Faycal,M
Fayd,M
Fayek,M
Fayid,M
Fayiz,M
Fayrooz,M
Fayruz,M
Faysal,M
Fayyad,M
Fayyadh,M
Fayyaz,M
Fayzan,M
Fayzul-haq,M
Fazal,M
Fazalah,M
Fazan,M
Fazeel,M
Fazil,M
Faziuddin,M
Fazl,M
Fazle-ilahi,M
Fazle-mawla,M
Hamshad,M
Hamud,M
Hamza,M
Hamzad,M
Hamzah,M
Hana,M
Hanafi,M
Hanai,M
Hanan,M
Hananan,M
Hanash,M
Hanbal,M
Hanbali,M
Haneef,M
Haneemanzar,M
Hanfi,M
Hani,M
Hanif,M
Hanifah,M
Hanifud-din,M
Hanin,M
Hannad,M
Hannan,M
Hanoon,M
Hanzalah,M
Hanzhalah,M
Haq,M
Haqiq,M
Haqq,M
Haqqani,M
Ifza,F
Ihaa,F
Ihab,F
Ihdaf,F
Ihkam,F
Ihlal,F
Ihram,F
Ihsan,F
Ihtiram,F
Ijabo,F
Ijada,F
Ijliyah,F
Ikha,F
Ikleel,F
Iklil,F
Ikraam,F
Ikram,F
Ikramiya,F
Ilan,F
Ilana,F
Ilanah,F
Ilhaam,F
Ilham,F
Ilhan,F
Ilhanath,F
Ilhem,F
Iliya,F
Illiyeen,F
Ilm,F
Ilmeeyat,F
Indela,F
Ines,F
Infisal,F
Inga,F
Inhal,F
Injah,F
Injeel,F
Injeela,F
Inji,F
Injila,F
Insha,F
Inshad,F
Inshiraf,F
Inshirah,F
Insijam,F
Insiya,F
Intessar,F
Intibah,F
Intiha,F
Intisaar,F
Intisar,F
Intisarat,F
Intishal,F
Intizar,F
Iqamat,F
Iqlas,F
Iqra,F
Iradat,F
Iraj,F
Iram,F
Ghawani,F
Ghaya,F
Ghayat,F
Ghayda,F
Ghaydaa,F
Ghaysaa,F
Ghaysah,F
Ghazaala,F
Ghazal,F
Ghazala,F
Ghazalaat,F
Ghazalah,F
Ghazia,F
Ghaziya,F
Ghaziyah,F
Ghaziyyah,F
Ghaziyyat,F
Ghazulah,F
Gheeta,F
Gheeti,F
Gheeti-afrouz,F
Ghibtah,F
Ghilara,F
Ghina,F
Ghitbah,F
Ghizlan,F
Ghonchah,F
Ghotai,F
Ghudwah,F
Ghufayrah,F
Hubba,F
Hubbah,F
Huboor,F
Huda,F
Hudun,F
Hufaizah,F
Hujaimah,F
Hujaymah,F
Hujayrah,F
Hujayyah,F
Hujjat,F
Hukaymah,F
Hukayman,F
Hulaa,F
Hullah,F
Hulou,F
Hulwah,F
Hulwi,F
Hulyah,F
Huma,F
Humaida,F
Humaila,F
Humaira,F
Humairaa,F
Humairah,F
Humaydah,F
Humayrah,F
Humera,F
Humra,F
Hunaidah,F
Hamdhy,M
Hamdi,M
Hamdun,M
Hamed,M
Hameed,M
Hameedullah,M
Hameef,M
Hameem,M
Hameen,M
Hameesi,M
Hameez,M
Hami,M
Hamid,M
Hamidat,M
Hamidullah,M
Hamiid,M
Hamim,M
Hamiz,M
Hammaad,M
Hammaadi,M
Hammaam,M
Hammad,M
Hammadah,M
Hammadi,M
Hammam,M
Hammud,M
Hammuzah,M
Hamood,M
Hamool,M
Hamraz,M
Hasifah,F
Hasina,F
Hasinah,F
Hasisah,F
Hasna,F
Hasnaa,F
Hasnaat,F
Hasnah,F
Hasnat,F
Hasnaw,F
Hassana,F
Hassunah,F
Hastee,F
Hatima,F
Hattabah,F
Hauled,F
Hawa,F
Hawadah,F
Hawazin,F
Hawiya,F
Hawla,F
Hawra,F
Hawraa,F
Hawwa,F
Hawwaa,F
Haya,F
Hayaa,F
Hayaam,F
Hayah,F
Hayam,F
Bajli,M
Bakeel,M
Bakeet,M
Bakhat,M
Bakheet,M
Bakhit,M
Bakhsh,M
Bakhshayesh,M
Bakht,M
Bakht-rawan,M
Bakhtaavar,M
Bakhtaawar,M
Bakhtar,M
Bakhtari,M
Bakhtavar,M
Bakhtawar,M
Bakhti,M
Bakhtiar,M
Bakhtiyar,M
Baki,M
Bakir,M
Bakirin,M
Bakkar,M
Bakkur,M
Bakr,M
Bakri,M
Bakrun,M
Baktash,M
Bakur,M
Balagh,M
Haani,F
Haarithah,F
Hababah,F
Habaq,F
Habat,F
Habeeba,F
Habeekah,F
Habiba,F
Habibah,F
Habibiyyah,F
Habiibii,F
Habiyyah,F
Hablah,F
Haboos,F
Habriyah,F
Hadahid,F
Hadara,F
Hadarah,F
Hadaya,F
Hadbaa,F
Hadeel,F
Hadeeqa,F
Hadeeqah,F
Hadees,F
Hadfah,F
Hadhiqah,F
Hadhirah,F
Hadia,F
Hadiah,F
Hadil,F
Hamyaa,F
Hamziyyah,F
Hana,F
Hanaa,F
Hanadi,F
Hanan,F
Hanane,F
Haneef,F
Haneefa,F
Haneefah,F
Haneen,F
Hanfa,F
Hanfaa,F
Hangama,F
Hani,F
Hania,F
Haniah,F
Hanifa,F
Hanifaa,F
Hanifah,F
Hanifiyyah,F
Hanin,F
Hanita,F
Haniya,F
Haniyah,F
Haniyya,F
Haniyyah,F
Hanna,F
Hannah,F
Hannanah,F
Hatib,M
Hatif,M
Hatim,M
Hattab,M
Hattal,M
Haushab,M
Haussam,M
Hauzaan,M
Hawaari,M
Hawari,M
Hawas,M
Hawis,M
Hawshab,M
Hayaat,M
Hayal,M
Hayat,M
Haydar,M
Hayder,M
Hayl,M
Haysam,M
Haytham,M
Hayy,M
Hayyaan,M
Hayyam,M
Hayyan,M
Hayyee,M
Hayyin,M
Hazar,M
Hazeem,M
Hazem,M
Ghakhtalay,M
Ghali,M
Ghalib,M
Ghalibi,M
Ghallab,M
Ghamay,M
Ghamid,M
Ghamidi,M
Ghamiq,M
Ghamir,M
Ghaneem,M
Ghanem,M
Ghani,M
Ghanim,M
Ghanimi,M
Ghannam,M
Ghannan,M
Ghanum,M
Ghanyan,M
Gharab,M
Gharam,M
Ghareeb,M
Ghareebah,M
Ghareer,M
Gharib,M
Gharibi,M
Gharisullah,M
Gharras,M
Gharsan,M
Ghasaan,M
Hazim,M
Hazine,M
Haziq,M
Hazir,M
Hazrat,M
Hazzafa,M
Hazzar,M
Hedayat,M
Hedi,M
Heera,M
Heerad,M
Hemin,M
Herish,M
Hesam,M
Hesham,M
Hewad,M
Heydar,M
Hezha,M
Hiba,M
Hibah,M
Hibatullah,M
Hibbaan,M
Hibban,M
Hibr,M
Hicham,M
Hichem,M
Hidayat,M
Hidayat-ul-haq,M
Hidayatullah,M
Hifzur-rahman,M
Hashaam,M
Hasham,M
Hashash,M
Hasher,M
Hashid,M
Hashim,M
Hashimi,M
Hashir,M
Hashmat,M
Hasib,M
Hasif,M
Hasiib,M
Hasil,M
Hasim,M
Hasin,M
Hask,M
Hasnain,M
Hasoun,M
Hasrat,M
Hassaan,M
Hassam,M
Hassan,M
Hasshid,M
Hasshir,M
Hassib,M
Hassun,M
Hasyid,M
Hatam,M
Hatem,M
Hathim,M
Izzat,F
Izzati,F
Izzi,F
Jaan,F
Jabaa,F
Jabala,F
Jabalah,F
Jabarah,F
Jabbadah,F
Jabeehah,F
Jabeen,F
Jabin,F
Jabira,F
Jabirah,F
Jablah,F
Jabraa,F
Jabrah,F
Jabrayah,F
Jada,F
Jadida,F
Jadirah,F
Jadwa,F
Jaella,F
Jafeerah,F
Jafurah,F
Jahaan,F
Jahan,F
Jahan-aara,F
Jahanaara,F
Jahanara,F
Hikma,M
Hikmah,M
Hikmat,M
Hilaal,M
Hilal,M
Hilali,M
Hilel,M
Hilf,M
Hilmi,M
Himaa,M
Himayat,M
Himmat,M
Hirad,M
Hirbad,M
Hirz,M
Hisam,M
Hisein,M
Hishaam,M
Hisham,M
Hishmat,M
Hissan,M
Hisyam,M
Hiwa,M
Hizbullah,M
Hizrat,M
Hobb,M
Hoda,M
Hodan,M
Hood,M
Hooman,M
Hadee,M
Hadeed,M
Hadees,M
Hadi,M
Hadid,M
Hadir,M
Hadis,M
Hadrami,M
Hafeel,M
Hafeesh,M
Hafeez,M
Haffaz,M
Hafi,M
Hafid,M
Hafiz,M
Hafizh,M
Hafizullah,M
Hafs,M
Hafsah,M
Haib,M
Haidar,M
Haidaru,M
Haider,M
Haikal,M
Hairaz,M
Hairum,M
Haitham,M
Haizar,M
Haji,M
Hajib,M
Haqqi,M
Haraam,M
Haraz,M
Harb,M
Hareef,M
Hareem,M
Harees,M
Harim,M
Harir,M
Haris,M
Harisah,M
Harith,M
Haritha,M
Hariz,M
Harmalah,M
Haroon,M
Haroona,M
Haroun,M
Harun,M
Harz,M
Harzan,M
Hasab,M
Hasan,M
Hasanain,M
Hasanat,M
Haseeb,M
Haseef,M
Haseem,M
Haseen,M
Hasees,M
Ghasasini,M
Ghasharab,M
Ghashiah,M
Ghasin,M
Ghasini,M
Ghaslan,M
Ghassan,M
Ghassani,M
Ghatool,M
Ghatrif,M
Ghaus,M
Ghauth,M
Ghawalib,M
Ghawsaddin,M
Ghawth,M
Ghayab,M
Ghayat,M
Ghayid,M
Ghaylan,M
Ghayoor,M
Ghays,M
Ghayth,M
Ghayur,M
Ghayyas,M
Ghayyath,M
Ghazaal,M
Ghazaali,M
Ghazal,M
Ghazalan,M
Ghazan,M
Forhana,F
Forough,F
Forouz,F
Forouzan,F
Forouzandah,F
Fouzhan,F
Fouzia,F
Fouziah,F
Fozia,F
Foziah,F
Fuada,F
Fuadah,F
Fudayl,F
Fuhaidaa,F
Fuhaidah,F
Fukairaa,F
Fulailah,F
Fullah,F
Funoon,F
Furaiah,F
Furaihaat,F
Furaihah,F
Furaihat,F
Furat,F
Furayah,F
Furjah,F
Furoozan,F
Fursah,F
Fursat,F
Fusaila,F
Juwariah,F
Juwariyah,F
Juwayriya,F
Juwayriyah,F
Juzla,F
Jwairiya,F
Kaadiha,F
Kaamla,F
Kaarima,F
Kabeera,F
Kabeerah,F
Kabeesha,F
Kabira,F
Kabirah,F
Kabshah,F
Kadifa,F
Kadira,F
Kadriya,F
Kadshah,F
Kafiyah,F
Kahal,F
Kaheela,F
Kaheesha,F
Kahhalah,F
Kahlaa,F
Kahlilia,F
Kaia,F
Kaifiya,F
Kaina,F
Kainaat,F
Himayat,F
Hina,F
Hinaa,F
Hind,F
Hindah,F
Hira,F
Hirah,F
Hiral,F
Hishmah,F
Hishmat,F
Hitaishi,F
Hiyam,F
Hobb,F
Homa,F
Homadokht,F
Hooda,F
Hoor,F
Hoori,F
Hooria,F
Hooriya,F
Hooriyah,F
Hoorulain,F
Horia,F
Houda,F
Hounia,F
Hoyam,F
Hubab,F
Hubabah,F
Hubaibah,F
Hubayshah,F
Hunaifah,F
Hunain,F
Hunaydah,F
Hunoon,F
Hur,F
Hura,F
Huraira,F
Huraiva,F
Hurayra,F
Huriaa,F
Huriya,F
Huriyah,F
Huriyyah,F
Hurmat,F
Hurriya,F
Hurvash,F
Hurya,F
Husaimah,F
Husaina,F
Husainah,F
Husamah,F
Husay,F
Hushaima,F
Hushaimah,F
Husn,F
Husna,F
Husnaa,F
Husni,F
Husniya,F
Husniyah,F
Isood,F
Isra,F
Israa,F
Israr,F
Israt,F
Issam,F
Istabraq,F
Istibshar,F
Istilah,F
Istiqlal,F
Itaa,F
Itab,F
Itaf,F
Ithar,F
Itqan,F
Itrat,F
Ivaz,F
Iwaz,F
Iyan,F
Izaan,F
Izahet,F
Izdihaar,F
Izdihar,F
Izma,F
Izmat,F
Izz,F
Izz-an-nisa,F
Izza,F
Izzaa,F
Izzah,F
Fayyah,F
Fayyaza,F
Fayza,F
Faza,F
Fazar,F
Fazeela,F
Fazeelah,F
Fazeelat,F
Fazeen,F
Fazia,F
Fazila,F
Fazluna,F
Fazzilet,F
Feerouzah,F
Feerozah,F
Feheema,F
Feiyaz,F
Fellah,F
Femida,F
Fida,F
Fidaa,F
Fiddah,F
Fikr,F
Fikraat,F
Fikrat,F
Fikri,F
Fikriya,F
Fikriyaa,F
Fikriyah,F
Fikriyya,F
Jahda,F
Jahdamah,F
Jahida,F
Jahidah,F
Jahizah,F
Jahmyyllah,F
Jahudah,F
Jaisha,F
Jaiyana,F
Jala,F
Jalaa,F
Jalah,F
Jaleela,F
Jaleelah,F
Jalees,F
Jaleesah,F
Jalila,F
Jalilah,F
Jalsaan,F
Jalwa,F
Jamaima,F
Jamal,F
Jamala,F
Jamalah,F
Jameela,F
Jameelah,F
Jameena,F
Jameerah,F
Jamesha,F
Jamia,F
Irem,F
Irfa,F
Irfana,F
Irhaa,F
Irsa,F
Irtiqa,F
Irtiza,F
Irum,F
Isaad,F
Isabel,F
Isabella,F
Isad,F
Isaf,F
Isam,F
Isar,F
Isas,F
Isbah,F
Isha,F
Ishaal,F
Ishaml,F
Ishrah,F
Ishraq,F
Ishrat,F
Ishya,F
Isir,F
Islah,F
Islam,F
Isma,F
Ismah,F
Ismat,F
Iham,M
Ihdaf,M
Ihlal,M
Ihram,M
Ihsaan,M
Ihsan,M
Ihsanul-haq,M
Ihtesham,M
Ihtiraam,M
Ihtiram,M
Ihtishaam,M
Ihtisham,M
Ihtsham,M
Ijaaz,M
Ijaz,M
Ijazul,M
Ijazul-haq,M
Ijlal,M
Ijli,M
Ijtiba,M
Ikhlaq,M
Ikhlas,M
Ikhtiyar,M
Ikhwan,M
Ikleel,M
Iklil,M
Ikraam,M
Ikram,M
Ikram-ul-haq,M
Ikramah,M
Kainat,F
Kakuli,F
Kaleema,F
Kaleemah,F
Kali,F
Kalifah,F
Kalila,F
Kalima,F
Kalsam,F
Kalsoom,F
Kalsum,F
Kalsumah,F
Kaltham,F
Kalthum,F
Kamalah,F
Kamaliyah,F
Kamaliyyah,F
Kamayilah,F
Kameela,F
Kamila,F
Kamilaa,F
Kamilah,F
Kamilat,F
Kamillaa,F
Kamna,F
Kamra,F
Kandus,F
Kaneez,F
Kaneezah,F
Kani,F
Haatib,M
Haatim,M
Haayi,M
Haazim,M
Haaziq,M
Habab,M
Habaq,M
Habash,M
Habbab,M
Habban,M
Habeeb,M
Habeebullah,M
Habeel,M
Habib,M
Habibullah,M
Habil,M
Habiri,M
Habis,M
Habqar,M
Habr,M
Habrur,M
Hada,M
Hadad,M
Hadaf,M
Hadal,M
Hadaya,M
Hadbar,M
Haddad,M
Haddal,M
Haddaq,M
Injeel,M
Ins,M
Insaf,M
Insar,M
Insha,M
Inshad,M
Inshaf,M
Inshiraf,M
Inshirah,M
Insijam,M
Intaj,M
Intakhab,M
Inteqab,M
Intezar,M
Intiha,M
Intikhab,M
Intisar,M
Intishal,M
Intizar,M
Inzamam,M
Iqbaal,M
Iqbal,M
Iqdam,M
Iqleem,M
Iqmal,M
Iqraam,M
Iqrar,M
Iqrit,M
Iqtidar,M
Iqtisham,M
Javaneh,F
Javaria,F
Javeria,F
Jawa,F
Jawahar,F
Jawayriyah,F
Jawd,F
Jawda,F
Jawdah,F
Jawedan,F
Jawhar,F
Jawhara,F
Jawharah,F
Jawl,F
Jawna,F
Jayidah,F
Jaza,F
Jazaa,F
Jazal,F
Jazeera,F
Jazibiyya,F
Jazilaa,F
Jazilah,F
Jazira,F
Jaziya,F
Jehaan,F
Jehan,F
Jemimah,F
Jemina,F
Jena,F
Iqwaan,M
Iqyan,M
Iraj,M
Iraq,M
Iravat,M
Irfaan,M
Irfan,M
Irmas,M
Irshaad,M
Irshad,M
Irsyaad,M
Irtiqa,M
Irtiza,M
Irtiza-husain,M
Isa,M
Isaac,M
Isaam,M
Isaar,M
Isad,M
Isam,M
Isbahani,M
Ishaam,M
Ishaaq,M
Ishaq,M
Ishat,M
Ishayu,M
Ishfaq,M
Ishir,M
Ishmah,M
Ishraq,M
Ikramullah,M
Ikrima,M
Ikrimah,M
Ikseer,M
Iksir,M
Ilaaf,M
Ilaahi,M
Ilahi,M
Ilahi-bakhsh,M
Ilan,M
Ilash,M
Ilhaam,M
Ilham,M
Ilhan,M
Ilias,M
Ilifat,M
Ilm,M
Iltifat,M
Iltimas,M
Ilyas,M
Imaad,M
Imaad-udeen,M
Imaan,M
Imad,M
Imad-al-din,M
Imad-uddin,M
Imada,M
Imam,M
Imamuddin,M
Iman,M
Gulfam,M
Gulshan,M
Gulzar,M
Gutaif,M
Guzeen,M
Guzeer,M
Haabeel,M
Haadee,M
Haadi,M
Haadii,M
Haady,M
Haafiz,M
Haail,M
Haaiz,M
Haaji,M
Haajib,M
Haajid,M
Haalim,M
Haami,M
Haamid,M
Haani,M
Haanii,M
Haaris,M
Haarisah,M
Haarith,M
Haaroon,M
Haarun,M
Haashim,M
Haashir,M
Haasyim,M
Husam,M
Husam-al-din,M
Husam-ud-dawlah,M
Husam-uddin,M
Husani,M
Husayn,M
Husayni,M
Husein,M
Husnain,M
Husni,M
Hussain,M
Hussayn,M
Hussein,M
Hutaim,M
Huthayfa,M
Huveida,M
Huwaidi,M
Huyai,M
Huzaifa,M
Huzaifah,M
Huzair,M
Huzayfah,M
Huzayl,M
Hwas,M
Hyder,M
Ibaad,M
Ibad,M
Ibadah,M
Ibadullah,M
Ibn,M
Kashmala,F
Kashooda,F
Kashud,F
Kasirah,F
Kasool,F
Kasra,F
Kasturi,F
Katana,F
Kateebah,F
Kathirah,F
Katibah,F
Kattamah,F
Kaureen,F
Kauser,F
Kawakib,F
Kawkaba,F
Kawnaa,F
Kawnah,F
Kawnain,F
Kawtar,F
Kayaneh,F
Kayla,F
Kaysah,F
Kazhal,F
Kazima,F
Kazimah,F
Kaziwa,F
Kebira,F
Kedma,F
Keenda,F
Hosaam,M
Hoshang,M
Hoshiar,M
Hoshmand,M
Hoshyar,M
Hosni,M
Houd,M
Houda,M
Houmaan,M
Houman,M
Houshang,M
Houshiar,M
Houssam,M
Hozaifah,M
Hub,M
Hubaab,M
Hubab,M
Hubaibi,M
Hubair,M
Hubaish,M
Hubbee,M
Hud,M
Huda,M
Hudad,M
Hudhafah,M
Hudhaifah,M
Hudhayfah,M
Hufaiz,M
Hujayyah,M
Hujjat,M
Ghazanfar,M
Ghazanfari,M
Ghazawan,M
Ghazeer,M
Ghazi,M
Ghazir,M
Ghaziyyat,M
Ghazni,M
Ghazuz,M
Ghazwan,M
Ghazzal,M
Ghazzan,M
Ghimd,M
Ghirrid,M
Ghiyaath,M
Ghiyas,M
Ghiyas-ud-din,M
Ghiyath,M
Ghofran,M
Ghorzang,M
Ghufraan,M
Ghufran,M
Ghulam,M
Ghumair,M
Ghumr,M
Ghunaim,M
Ghunayn,M
Ghuncha-gul,M
Ghundur,M
Ghur,M
Kulthoum,F
Kulthum,F
Kulus,F
Kumailah,F
Kumailiyah,F
Kunaizah,F
Kundas,F
Kunza,F
Kuram,F
Kuwaysah,F
Kwairah,F
Kyda,F
Kyna,F
Laaibah,F
Laaiqah,F
Laal,F
Labbaanah,F
Labeeqa,F
Labiba,F
Labisah,F
Ladan,F
Ladeenaa,F
Ladeenah,F
Lafiza,F
Lahifa,F
Lahjah,F
Lahzah,F
Laiba,F
Laibah,F
Laiha,F
Ishrat,M
Ishtiyaq,M
Iskafi,M
Iskandar,M
Islah,M
Islam,M
Ismaaeel,M
Ismaael,M
Ismaeel,M
Ismah,M
Ismail,M
Ismat,M
Isra,M
Israail,M
Israel,M
Israfil,M
Israil,M
Israr,M
Issa,M
Issam,M
Issar,M
Istakhri,M
Istibshar,M
Istifa,M
Istiqlal,M
Itakh,M
Itban,M
Ithaar,M
Itidal,M
Itimad,M
Ilqis,F
Ilyana,F
Imaan,F
Imama,F
Imane,F
Imaneh,F
Imani,F
Imarah,F
Imhal,F
Imrana,F
Imsaal,F
Imthithal,F
Imtihal,F
Imtinan,F
Imtisal,F
Imtithal,F
Inaaya,F
Inab,F
Inabah,F
Inan,F
Inara,F
Inas,F
Inaya,F
Inayaat,F
Inayah,F
Inayat,F
Inayatullah,F
Inbihaj,F
Inbisat,F
Inci,F
Imara,M
Imdad,M
Imed,M
Imen,M
Imhal,M
Imraan,M
Imram,M
Imran,M
Imtiaaz,M
Imtiaz,M
Imtiazuddin,M
Imtisal,M
Imtiyaz,M
Inaam,M
Inaayat,M
Inab,M
Inam,M
Inamul-haq,M
Inamur-Rahman,M
Inas,M
Inayat,M
Inayat-uddin,M
Inayat-ur-rahman,M
Inayatullah,M
Inbihaj,M
Inbisat,M
Infisal,M
Inhal,M
Iniat,M
Injah,M
Fazle-rab,M
Fazle-rabbi,M
Fazle-rabi,M
Fazlehaq,M
Fazleilahi,M
Fazli,M
Fazluddin,M
Fazlullah,M
Fazlurrahman,M
Fazulul-haq,M
Feeroz,M
Fehredin,M
Ferasat,M
Ferdous,M
Ferhat,M
Feroz,M
Feroze,M
Ferran,M
Feryal,M
Fida,M
Fidaa,M
Fidda,M
Fiddah,M
Fidyan,M
Fihr,M
Fikhar,M
Fikr,M
Fikrat,M
Fikri,M
Fir,M
Ibn-sina,M
Ibr,M
Ibraheem,M
Ibrahim,M
Ibrar,M
Ibreez,M
Ibrisam,M
Ibriz,M
Ibtesam,M
Ibtihaaj,M
Ibtihaj,M
Ibtihal,M
Ibtisam,M
Ibtissem,M
Idhar,M
Idrak,M
Idrees,M
Idris,M
Ied,M
Ieethaar,M
Iesa,M
Iffat,M
Ifra,M
Ifran,M
Ifraz,M
Iftikar,M
Iftikhar,M
Iftikhar-ud-din,M
Iftikharus-sadat,M
Ihab,M
Judi,F
Judiyah,F
Judy,F
Juhainah,F
Juhanah,F
Juhaymah,F
Juhaynah,F
Juhi,F
Jumaana,F
Jumaimah,F
Jumaina,F
Jumainah,F
Jumalaa,F
Juman,F
Jumana,F
Jumanah,F
Jumaymah,F
Jumaynah,F
Jumlanah,F
Junah,F
Junaina,F
Junainah,F
Junayna,F
Juni,F
Junna,F
Junnut,F
Juri,F
Juveria,F
Juwairiyah,F
Juwan,F
Khaleefa,F
Khaleela,F
Khaleesah,F
Khalida,F
Khalidah,F
Khalila,F
Khalilah,F
Khalisa,F
Khalisah,F
Khaliyah,F
Khalsat,F
Khalulah,F
Khalwat,F
Khamrah,F
Khanam,F
Khani,F
Khansa,F
Khansaa,F
Khanum,F
Khaperai,F
Kharaman,F
Kharijah,F
Kharo,F
Kharqa,F
Khasabah,F
Khashar,F
Khashia,F
Khashifa,F
Khasiba,F
Khasibah,F
Lail,F
Laila,F
Lailaa,F
Lailan,F
Lailat,F
Laily,F
Laiqa,F
Laithaa,F
Laithah,F
Lakhsha,F
Lakhta,F
Lakia,F
Lala,F
Lalaa,F
Lalee,F
Laleh,F
Lalezar,F
Lalma,F
Lalzari,F
Lama,F
Lamaah,F
Lamaan,F
Lamah,F
Lamba,F
Lamees,F
Lamia,F
Lamiah,F
Lamihah,F
Lamis,F
Lamisa,F
Kehara,F
Kehkashan,F
Keihana,F
Keivandokht,F
Kelia,F
Kendaa,F
Kenza,F
Keyanaz,F
Keyandokht,F
Khabira,F
Khabirah,F
Khadeeja,F
Khadiga,F
Khadija,F
Khadijah,F
Khadijha,F
Khadra,F
Khadujah,F
Khafifa,F
Khafifah,F
Khaila,F
Khaira,F
Khairaat,F
Khairah,F
Khairiya,F
Khairun-nisa,F
Khakshan,F
Khaldaa,F
Khaleedah,F
Khaleef,F
Hajid,M
Hajir,M
Hajjaj,M
Hajveri,M
Hakam,M
Hakan,M
Hakeem,M
Hakem,M
Hakiim,M
Hakim,M
Haleef,M
Haleej,M
Haleem,M
Halif,M
Halil,M
Halim,M
Hallaj,M
Hallam,M
Halooj,M
Halul,M
Halwani,M
Halyan,M
Hamad,M
Hamadullah,M
Hamal,M
Hamas,M
Hamd,M
Hamdan,M
Hamdast,M
Hamdat,M
Khidrah,F
Khilaal,F
Khilfah,F
Khilfat,F
Khimar,F
Khimrah,F
Khiraa,F
Khirad,F
Khisbah,F
Khitam,F
Khitfa,F
Khizra,F
Khojassteh,F
Khojasteh,F
Kholah,F
Khoorsheeda,F
Khooshbakht,F
Khorshid,F
Khubchehr,F
Khudamah,F
Khudra,F
Khudrah,F
Khujasstah,F
Khulaidah,F
Khulaifah,F
Khulaisah,F
Khulat,F
Khulaybah,F
Khuld,F
Khullah,F
Eshaal,M
Eshaan,M
Eshan,M
Eshaq,M
Eshmaal,M
Esmaeel,M
Esmail,M
Essa,M
Essam,M
Etemad,M
Etizaaz,M
Ettifaq,M
Ewazi,M
Eyad,M
Eyazi,M
Ezaz,M
Faadhil,M
Faadl,M
Faaeq,M
Faahim,M
Faaiq,M
Faaiz,M
Faakhir,M
Faakhiree,M
Faakih,M
Faalan,M
Faariq,M
Faaris,M
Faarooq,M
Faateh,M
Jibal,M
Jibillah,M
Jibraeel,M
Jibrail,M
Jibran,M
Jibreel,M
Jibriil,M
Jibril,M
Jibriyal,M
Jihaad,M
Jihad,M
Jinan,M
Jiyaad,M
Jiyad,M
Jnab,M
Jnhih,M
Jodd,M
Johar,M
Johd,M
Joinda,M
Jonah,M
Joozhar,M
Joozher,M
Josha,M
Joud,M
Juail,M
Juayfir,M
Juayl,M
Jubair,M
Jubayr,M
Hena,F
Hend,F
Henna,F
Hessa,F
Heyam,F
Hezha,F
Hiba,F
Hibah,F
Hibat-allah,F
Hibatullah,F
Hibba,F
Hibbah,F
Hidayah,F
Hiddah,F
Hidiyah,F
Hifza,F
Hijab,F
Hijra,F
Hijrah,F
Hijriyyah,F
Hikma,F
Hikmat,F
Hila,F
Hilal,F
Hilf,F
Hillah,F
Hilwana,F
Hilyah,F
Himaa,F
Himayah,F
Jahm,M
Jahsh,M
Jaish,M
Jal,M
Jalaal,M
Jalal,M
Jalal-al-din,M
Jalal-ud-din,M
Jaleb,M
Jalee,M
Jaleed,M
Jaleel,M
Jalees,M
Jalib,M
Jalil,M
Jalinoos,M
Jalis,M
Jalwan,M
Jamaal,M
Jamaal-udeen,M
Jamaan,M
Jamal,M
Jamal-al-din,M
Jamal-ud-din,M
Jameel,M
Jameelu,M
Jamhari,M
Jami,M
Jamil,M
Jamiloun,M
Itsaf,M
Ittifaq,M
Iwazullah,M
Iyaad,M
Iyaas,M
Iyaaz,M
Iyad,M
Iyadi,M
Iyali,M
Iyan,M
Iyas,M
Iyaz,M
Izaad,M
Izaan,M
Izat,M
Izaz,M
Izaz-ud-dawlah,M
Izfaar,M
Izhar,M
Izum,M
Izyan,M
Izz,M
Izz-al-din,M
Izzaddin,M
Izzat,M
Izzat-uddeen,M
Izzat-udden,M
Izzat-ul-islam,M
Izzet,M
Izzuddin,M
Juthamah,M
Juwaid,M
Juwain,M
Juwayn,M
Juyal,M
Juzar,M
Juzer,M
Jwahir,M
Kaab,M
Kaabir,M
Kaadih,M
Kaamil,M
Kaarim,M
Kaashif,M
Kaazhim,M
Kab,M
Kabaark,M
Kabeer,M
Kabir,M
Kadar,M
Kaddour,M
Kadeem,M
Kadeen,M
Kadeer,M
Kader,M
Kadin,M
Kadir,M
Kadri,M
Kafalat,M
Kafeel,M
Haydaraa,F
Hayed,F
Hayet,F
Hayfa,F
Hayiyyah,F
Hayrah,F
Hayud,F
Hayyin,F
Hazarah,F
Hazeemah,F
Hazeena,F
Hazeerah,F
Hazima,F
Hazimah,F
Haziqa,F
Haziqah,F
Hazira,F
Hazirah,F
Hazmiyah,F
Heba,F
Hedaya,F
Hedeyah,F
Hedi,F
Heela,F
Heena,F
Heer,F
Hela,F
Helai,F
Helena,F
Helima,F
Jawhar,M
Jawid,M
Jawwaad,M
Jawwad,M
Jayed,M
Jayesh,M
Jayyid,M
Jaza,M
Jazaa,M
Jazal,M
Jazam,M
Jazee,M
Jazeel,M
Jazel,M
Jazey,M
Jazi,M
Jazib,M
Jazim,M
Jazlaan,M
Jazool,M
Jazoon,M
Jazub,M
Jeelan,M
Jehandar,M
Jehfil,M
Jergees,M
Jericho,M
Jeroen,M
Jerwan,M
Jhiraagh,M
Lunah,F
Lutaifah,F
Lutfah,F
Lutfana,F
Lutfiya,F
Lutfiyah,F
Luwaihah,F
Lyana,F
Ma,F
Ma-as-sama,F
Maab,F
Maali,F
Maanah,F
Maarij,F
Maash,F
Maawa,F
Maazah,F
Mabrukah,F
Mabrura,F
Madah,F
Madaniya,F
Madhat,F
Madiha,F
Madina,F
Madulah,F
Maeen,F
Maeena,F
Mafazah,F
Maftuh,F
Mafzalah,F
Khulood,F
Khuloud,F
Khulud,F
Khurmi,F
Khusaibah,F
Khusbakht,F
Khushbakht,F
Khushbu,F
Khushnood,F
Khushnuda,F
Khuta,F
Khuwaid,F
Khuwailah,F
Khuwairah,F
Khuwaylah,F
Khuzaimah,F
Khuzama,F
Khuzamah,F
Khuzarah,F
Khuzrah,F
Kiah,F
Kiana,F
Kiara,F
Kifah,F
Kifahah,F
Kifayah,F
Kifayatullah,F
Kimia,F
Kimiya,F
Kinana,F
Kinanah,F
Kindah,F
Kindiyyah,F
Kinza,F
Kiram,F
Kiran,F
Kishwar,F
Kiswa,F
Kiswar,F
Kobra,F
Kochai,F
Kohinoor,F
Kohl,F
Koila,F
Komal,F
Komila,F
Kontara,F
Korina,F
Kowaisah,F
Kuaybah,F
Kubra,F
Kufah,F
Kuhaylah,F
Kulaisim,F
Kulbahar,F
Kulfah,F
Kulfat,F
Kulsoom,F
Kulsumah,F
Kulthoom,F
Layla,F
Layliyyah,F
Layly,F
Layyah,F
Layyanah,F
Layyasah,F
Layyin,F
Layyina,F
Lazimah,F
Leanne,F
Leem,F
Leen,F
Leena,F
Leeniyyah,F
Leila,F
Lema,F
Leyla,F
Leylak,F
Lhaam,F
Liba,F
Lila,F
Lilah,F
Lilia,F
Lilufar,F
Linah,F
Liqa,F
Liwaa,F
Liyana,F
Liza,F
Lraaz,F
Khaleeq,M
Khalees,M
Khalfun,M
Khali,M
Khalid-bin-walid,M
Khalidin,M
Khalidun,M
Khalifa,M
Khalifah,M
Khalifat,M
Khalil,M
Khalil-al-allah,M
Khalilalallah,M
Khalilullah,M
Khaliq,M
Khaliq-us-subhan,M
Khaliq-uz-zaman,M
Khaliqus-subhan,M
Khalis,M
Khallad,M
Khallaq,M
Khalud,M
Khaluq,M
Khan,M
Khandan,M
Khandawar,M
Khannas,M
Khaqan,M
Kharijah,M
Khasab,M
Lamisah,F
Lamiya,F
Lamya,F
Lana,F
Landa,F
Lanika,F
Laraib,F
Larisaa,F
Laseef,F
Lashirah,F
Lasiniyyah,F
Lasnaa,F
Latafat,F
Latayif,F
Lateefa,F
Lateefah,F
Latif,F
Latifa,F
Latifah,F
Latimah,F
Laveen,F
Lawahiz,F
Lawaiza,F
Laweeh,F
Layaal,F
Layaan,F
Layali,F
Layan,F
Layana,F
Layina,F
Mahroz,F
Mahrukh,F
Mahrukhsar,F
Mahrusah,F
Mahsa,F
Mahsan,F
Mahsati,F
Mahshad,F
Mahsheed,F
Mahsima,F
Mahsumah,F
Mahsunah,F
Mahta,F
Mahtaban,F
Mahtaj,F
Mahtalat,F
Mahtob,F
Mahulah,F
Mahvar,F
Mahvash,F
Mahveen,F
Mahvish,F
Mahwish,F
Mahwush,F
Mahyas,F
Mahzala,F
Maida,F
Maidan,F
Mailiha,F
Maimuna,F
Jammaz,M
Jamshaid,M
Jamshed,M
Jamsheed,M
Jamuh,M
Jan,M
Jan-e-alam,M
Jan-muhammad,M
Janaah,M
Janan,M
Janasheen,M
Janat-gul,M
Jandarah,M
Janis,M
Jaraah,M
Jaram,M
Jaran,M
Jareed,M
Jareem,M
Jareer,M
Jareh,M
Jari,M
Jarir,M
Jariya,M
Jariyah,M
Jarood,M
Jarrar,M
Jarullah,M
Jarum,M
Jaseer,M
Kawkab,M
Kawnain,M
Kawthar,M
Kayan,M
Kayani,M
Kayid,M
Kaykaus,M
Kaysan,M
Kayvan,M
Kazi,M
Kazim,M
Kedar,M
Kerbal,M
Keyaan,M
Keyan,M
Keyvan,M
Khaadhi,M
Khaaliq,M
Khaalish,M
Khaalud,M
Khaasyi,M
Khaatim,M
Khaazin,M
Khabbab,M
Khabeer,M
Khabiir,M
Khabir,M
Khabur,M
Khadamullah,M
Khadeej,M
Magda,F
Maghfira,F
Mah,F
Maha,F
Mahabad,F
Mahabbah,F
Mahabbat,F
Mahada,F
Mahafrin,F
Mahalfa,F
Maham,F
Mahan,F
Mahana,F
Mahara,F
Mahasen,F
Mahasta,F
Mahasti,F
Mahban,F
Mahbasah,F
Mahbuba,F
Mahdah,F
Mahdia,F
Mahdisa,F
Mahdokht,F
Mahek,F
Mahfam,F
Mahfooza,F
Mahfuzah,F
Mahgul,F
Mahia,F
Jenna,F
Jennah,F
Jessenia,F
Jewana,F
Jhilmil,F
Jian,F
Jibal,F
Jibalah,F
Jibla,F
Jidah,F
Jihadah,F
Jihan,F
Jilan,F
Jina,F
Jinan,F
Jinani,F
Jodd,F
Johara,F
Johd,F
Johi,F
Joindah,F
Joodi,F
Joud,F
Joudah,F
Joya,F
Jubaihah,F
Jublah,F
Judaala,F
Judamah,F
Jude,F
Khaseeb,M
Khashayar,M
Khashi,M
Khasib,M
Khassal,M
Khatar,M
Khateeb,M
Khateer,M
Khathib,M
Khathir,M
Khaththab,M
Khatib,M
Khatir,M
Khattar,M
Khouala,F
Khawar,M
Khawatir,M
Khawli,M
Khawwas,M
Khawwat,M
Khayaam,M
Khayal,M
Khayr,M
Khayrat,M
Khayree,M
Khayri,M
Khayrullah,M
Khayyam,M
Khayyar,M
Khayyat,M
Khayyir,M
Khazana,M
Khazeer,M
Khazin,M
Khazran,M
Kheer,M
Khidash,M
Khidir,M
Khidr,M
Khilaal,M
Khinzeer,M
Khirash,M
Khisb,M
Khitab,M
Khitam,M
Khiyar,M
Khizar,M
Khoda-daad,M
Khog,M
Khorshed,M
Khoshnud,M
Khosrau,M
Khoulad,M
Khoury,M
Khubaib,M
Khubayb,M
Khuda-bakhsh,M
Khuder,M
Khufaf,M
Khufair,M
Jadiid,M
Jadiir,M
Jadir,M
Jadud,M
Jadur,M
Jadwal,M
Jaed,M
Jafar,M
Jafaran,M
Jaffar,M
Jaffer,M
Jafri,M
Jafur,M
Jah,M
Jahaafil,M
Jahan,M
Jahanafirin,M
Jahandar,M
Jahangeer,M
Jahangir,M
Jahanzeb,M
Jahd,M
Jahdami,M
Jahdari,M
Jaheer,M
Jahfar,M
Jahhad,M
Jahid,M
Jahir,M
Jahiz,M
Khuzayma,M
Khuzaymah,M
Khwaja,M
Khwazun,M
Khyber,M
Kibaar,M
Kibria,M
Kifah,M
Kifat,M
Kifayat,M
Kifayatullah,M
Kifl,M
Kinan,M
Kinani,M
Kindi,M
Kinza,M
Kishwa,M
Kishwar,M
Kiswa,M
Kohl,M
Kokab,M
Koosha,M
Kourosh,M
Kowkab,M
Kufah,M
Kulsoom,M
Kulthum,M
Kumail,M
Kundas,M
Kuraiman,M
Kuram,M
Kurayb,M
Kutaiba,M
Laamih,M
Labeeq,M
Labib,M
Labid,M
Labis,M
Lablab,M
Labon,M
Laham,M
Lahiah,M
Lahiq,M
Laidan,M
Lail,M
Lailan,M
Laiq,M
Lais,M
Laith,M
Laithi,M
Lajbar,M
Lajlaj,M
Lamaan,M
Lamee,M
Lameek,M
Lamees,M
Lami,M
Lamis,M
Laqeet,M
Laraib,M
Marzia,F
Marzieh,F
Marziya,F
Marzuqah,F
Mas,F
Masabeeh,F
Masabih,F
Masahir,F
Masakin,F
Masar,F
Masarra,F
Masarrah,F
Masarrat,F
Masbubah,F
Mashaa,F
Mashaal,F
Mashahirah,F
Mashal,F
Mashar,F
Mashara,F
Mashariqah,F
Mashel,F
Mashhuda,F
Mashia,F
Mashiyat,F
Mashmool,F
Mashoodah,F
Mashta,F
Mashurah,F
Masira,F
Mareera,F
Mareerah,F
Marghaa,F
Marghah,F
Marghuba,F
Marha,F
Maria,F
Mariam,F
Marib,F
Maridah,F
Marifa,F
Marifatun,F
Mariha,F
Marihaat,F
Mariwah,F
Marjaan,F
Marjana,F
Marjani,F
Marjia,F
Marjina,F
Marjuwwah,F
Marmara,F
Marmari,F
Marmuri,F
Marnia,F
Maroofa,F
Marqooma,F
Marwa,F
Marwanah,F
Maryam,F
Hukam,M
Hulayl,M
Hulm,M
Humaam,M
Humaid,M
Humaidan,M
Humair,M
Humaisun,M
Humam,M
Humam-uddin,M
Humayd,M
Humayl,M
Humayun,M
Humd,M
Humza,M
Hunaid,M
Hunain,M
Hunayn,M
Huraira,M
Hurairah,M
Hurayra,M
Hurays,M
Hurayth,M
Hurmat,M
Hurrah,M
Husaam,M
Husaam-udeen,M
Husaama,M
Husaim,M
Husain,M
Mavisha,F
Mawadda,F
Mawar,F
Mawara,F
Mawfaa,F
Mawhiba,F
Mawhooba,F
Mawiya,F
Mawiyah,F
Mawiyyah,F
Mawiza,F
Mawjudah,F
Mawmah,F
Mawoudah,F
Mawsim,F
Mawsoofa,F
May,F
Maya,F
Mayameen,F
Mayeda,F
Mayesa,F
Mayesha,F
Maymun,F
Mays,F
Maysa,F
Maysaa,F
Maysam,F
Maysan,F
Maysoon,F
Maysormais,F
Jubraan,M
Jubran,M
Jud,M
Juda,M
Juday,M
Jugnu,M
Juhaym,M
Jul,M
Julaybib,M
Juma,M
Jumah,M
Jumail,M
Jumal,M
Jumanah,M
Jumlish,M
Jummah,M
Jummal,M
Jumuah,M
Jun,M
Junada,M
Junaid,M
Junayd,M
Jundi,M
Jundub,M
Juraiw,M
Jurayj,M
Jurhad,M
Jusair,M
Jusam,M
Jusamah,M
Karoobi,M
Karraar,M
Karram,M
Karrar,M
Karrum,M
Karukar,M
Kasam,M
Kaseeb,M
Kaseem,M
Kaseer,M
Kashaaf,M
Kashaf,M
Kashan,M
Kashef,M
Kashfi,M
Kashif,M
Kasib,M
Kasim,M
Kasir,M
Kasoor,M
Kasra,M
Kasran,M
Kassab,M
Kateb,M
Kathir,M
Katib,M
Kattam,M
Kaukab,M
Kausar,M
Kausir,M
Kafi,M
Kafil,M
Kahal,M
Kahil,M
Kahill,M
Kahul,M
Kaif,M
Kaifi,M
Kaim,M
Kaiqad,M
Kaisan,M
Kaiser,M
Kajji,M
Kala,M
Kalaam,M
Kalam,M
Kalamuddin,M
Kalan,M
Kalbi,M
Kaleel,M
Kaleem,M
Kaleema,M
Kalil,M
Kalim,M
Kalim-ud-din,M
Kalimullah,M
Kaliq,M
Kamal,M
Kamali,M
Kamaluddeen,M
Maysun,F
Maysura,F
Mayyada,F
Mayyadah,F
Mayyasah,F
Mazana,F
Mazida,F
Maziya,F
Mazna,F
Mazneen,F
Mazuzah,F
Mazyunah,F
Meehan,F
Meem,F
Meeno,F
Meeza,F
Meh-banu,F
Meha,F
Mehak,F
Mehar,F
Mehbooba,F
Mehek,F
Meher,F
Meheroon,F
Meherunissa,F
Mehira,F
Mehjabeen,F
Mehlika,F
Mehnaz,F
Mehndi,F
Lasani,M
Laskhar,M
Latafat,M
Latee,M
Latif,M
Latifi,M
Lawahiz,M
Layth,M
Layyin,M
Lazim,M
Leilah,M
Liaqat,M
Liaquat,M
Liban,M
Limazah,M
Lina,M
Lisan,M
Lisanuddin,M
Liyaqah,M
Liyaqat,M
Lodhi,M
Lohrasb,M
Lokman,M
Lotfi,M
Luai,M
Luay,M
Lubaib,M
Lubaid,M
Lubayd,M
Luham,M
Khulaid,M
Khulaidah,M
Khulaif,M
Khulaifah,M
Khulayd,M
Khulud,M
Khulum,M
Khulus,M
Khuml,M
Khunays,M
Khuram,M
Khurami,M
Khuraym,M
Khuraymah,M
Khurram,M
Khursheed,M
Khurshid,M
Khusaib,M
Khusaif,M
Khush-bakht,M
Khushal,M
Khushbakht,M
Khushdel,M
Khushdil,M
Khushhaal,M
Khushtar,M
Khusrow,M
Khuwailid,M
Khuzaimah,M
Khuzami,M
Mahibah,F
Mahida,F
Mahin,F
Mahindokht,F
Mahira,F
Mahirimah,F
Mahisa,F
Mahjabin,F
Mahjahan,F
Mahjooba,F
Mahkamah,F
Mahlaa,F
Mahlagha,F
Mahmudah,F
Mahmunir,F
Mahnam,F
Mahnaz,F
Mahnegar,F
Mahnira,F
Mahnisa,F
Mahnoor,F
Mahnush,F
Mahpaikar,F
Mahpari,F
Mahpasand,F
Mahreen,F
Mahrokh,F
Mahrosh,F
Mahrou,F
Mahrouz,F
Masla,F
Maslamah,F
Masooma,F
Masoon,F
Masrurah,F
Massat,F
Mastana,F
Mastoor,F
Mastoorah,F
Mastoori,F
Mastura,F
Masudah,F
Masudiyyah,F
Masyunah,F
Mataf,F
Matahir,F
Matana,F
Mataraa,F
Matarah,F
Mateenah,F
Mateerah,F
Matheelah,F
Mathlaa,F
Mathnawi,F
Mathwa,F
Matia,F
Matina,F
Matirah,F
Matlubah,F
Mausooma,F
Mehniya,F
Mehnoor,F
Mehr,F
Mehr-banu,F
Mehr-jahan,F
Mehr-negaar,F
Mehr-nesa,F
Mehra,F
Mehrabah,F
Mehraban,F
Mehrafruz,F
Mehrak,F
Mehrana,F
Mehrandokht,F
Mehranghiz,F
Mehrangiz,F
Mehranoush,F
Mehrara,F
Mehrasa,F
Mehravah,F
Mehrayeen,F
Mehrazar,F
Mehrazin,F
Mehrdokht,F
Mehrgan,F
Mehrgol,F
Mehri,F
Mehriban,F
Mehrin,F
Mehrish,F
Jaser,M
Jasham,M
Jasim,M
Jasim-ud-din,M
Jasir,M
Jasmir,M
Jasoor,M
Jassar,M
Jasur,M
Jauhar,M
Jaul,M
Jaun,M
Javan,M
Javanmard,M
Javanshir,M
Javed,M
Javeed,M
Javier,M
Jawaad,M
Jawabir,M
Jawad,M
Jawahir,M
Jawaid,M
Jawan,M
Jawara,M
Jawd,M
Jawdah,M
Jawdan,M
Jawdat,M
Jawdi,M
Maira,F
Mais,F
Maisa,F
Maisaa,F
Maisah,F
Maisarah,F
Maisha,F
Maisoon,F
Maisoora,F
Maissa,F
Maisun,F
Maithah,F
Maiza,F
Maizah,F
Majal,F
Majda,F
Majdah,F
Majdiya,F
Majdiyah,F
Majidaa,F
Majidah,F
Makaana,F
Makaarim,F
Makarim,F
Makeen,F
Makeenah,F
Makhtooma,F
Makhtoonah,F
Makkiyah,F
Makramah,F
Kania,F
Kaniaw,F
Kaniz,F
Kanizah,F
Kanval,F
Kanwal,F
Kanz,F
Kanza,F
Kanzah,F
Karamah,F
Karawan,F
Kardawaiyah,F
Kardawiyah,F
Kareema,F
Kareemah,F
Kareen,F
Karida,F
Karima,F
Karimah,F
Kariman,F
Karma,F
Kas,F
Kashaaf,F
Kashfia,F
Kashfiya,F
Kashida,F
Kashifa,F
Kashifah,F
Kashira,F
Kashish,F
Jamila,F
Jamilaa,F
Jamilah,F
Jamillah,F
Jamlaa,F
Jamlah,F
Jammana,F
Jana,F
Janaan,F
Janafruz,F
Janan,F
Janina,F
Janna,F
Jannaat,F
Jannah,F
Jannat,F
Jariya,F
Jariyah,F
Jaseena,F
Jasia,F
Jasimah,F
Jasiyah,F
Jasmin,F
Jasmina,F
Jasmine,F
Jasrah,F
Jassia,F
Jathbiyya,F
Jathibiyya,F
Javairea,F
Maan,M
Maani,M
Maany,M
Maarib,M
Maarif,M
Maarij,M
Maarufi,M
Maash,M
Maashar,M
Maashir,M
Maasib,M
Maatuq,M
Maawiya,M
Maayish,M
Maayush,M
Maaz,M
Maazim,M
Maazin,M
Maazir,M
Maazur,M
Maazuz,M
Mabad,M
Mabkhut,M
Mabruk,M
Mabrur,M
Mad,M
Madan,M
Madani,M
Madar,M
Maddah,M
Lujain,M
Luqman,M
Lut,M
Lutah,M
Lutaif,M
Lutf,M
Lutf-ul-baari,M
Lutf-ur-rahman,M
Lutfan,M
Lutfi,M
Lutful-bari,M
Lutfullah,M
Lutfur-rahman,M
Luthf,M
Luthfi,M
Luwaibid,M
Luwaih,M
Maabad,M
Maad,M
Maadil,M
Maadin,M
Maadini,M
Maadun,M
Maahi,M
Maajid,M
Maakuf,M
Maalam,M
Maali,M
Maalik,M
Maamuri,M
Khadeer,M
Khadim,M
Khadin,M
Khafid,M
Khafif,M
Khafiz,M
Khailad,M
Khair,M
Khair-al-din,M
Khairaan,M
Khairat,M
Khairi,M
Khairuddin,M
Khairudeen,M
Khairul-bashar,M
Khairullah,M
Khairy,M
Khaista,M
Khak,M
Khalaf,M
Khalaf-hasan,M
Khalam,M
Khaldan,M
Khaldoon,M
Khaldun,M
Khaled,M
Khaleed,M
Khaleef,M
Khaleefa,M
Khaleel,M
Minbarah,F
Minha,F
Minhal,F
Minnah,F
Minnat,F
Minnatullah,F
Minoo,F
Minudokht,F
Miraal,F
Mirah,F
Mirsalah,F
Mirwaa,F
Misaal,F
Misaq,F
Misba,F
Misbahah,F
Misha,F
Mishaali,F
Mishael,F
Mishal,F
Mishall,F
Mishel,F
Mishkat,F
Miskah,F
Miskeenah,F
Miskiyyah,F
Misriyyah,F
Mitra,F
Mizn,F
Mizna,F
Madeeh,M
Madhat,M
Madiar,M
Madih,M
Madiyan,M
Madkhal,M
Madyan,M
Maeesh,M
Maen,M
Mafakhir,M
Mafaz,M
Maftuh,M
Magbul,M
Magdi,M
Maghayis,M
Maghazi,M
Magid,M
Mahaad,M
Mahad,M
Mahal,M
Mahaz,M
Mahbeer,M
Mahbub,M
Mahbub-ullah,M
Mahbur,M
Mahd,M
Mahdi,M
Mahfooz,M
Mahfoozh,M
Mahfoud,M
Mamdouh,M
Mamdud,M
Mamduh,M
Mamnoon,M
Mamoon,M
Mamun,M
Mamur,M
Man,M
Manaf,M
Manafi,M
Manal,M
Manar,M
Manari,M
Manazir,M
Mandhur,M
Maneeh,M
Manha,M
Manhal,M
Mani,M
Mannan,M
Mansar,M
Mansha,M
Manshoor,M
Manshur,M
Mansoor,M
Mansoor-uddin,M
Mansoorah,M
Mansour,M
Mansur,M
Mansur-uddin,M
Mugheesah,F
Mughirah,F
Mughithah,F
Muhairah,F
Muhajira,F
Muhandamah,F
Muhannaa,F
Muhannadah,F
Muhannah,F
Muhariba,F
Muhassanah,F
Muhassinah,F
Muhayya,F
Muhdah,F
Muhibbah,F
Muhibbat,F
Muhizzat,F
Muhja,F
Muhjaa,F
Muhjah,F
Muhjidaa,F
Muhlah,F
Muhra,F
Muhsina,F
Muhsinah,F
Muhtaramah,F
Muhtarimah,F
Muida,F
Muiddah,F
Muizza,F
Mahfuj,M
Mahfuz,M
Mahfuzh,M
Mahfuzur-rahman,M
Mahiar,M
Mahib,M
Mahid,M
Mahiib,M
Mahir,M
Mahja,M
Mahjan,M
Mahjoob,M
Mahjub,M
Mahmand,M
Mahmood,M
Mahmoud,M
Mahmud,M
Mahmud-un-nabi,M
Mahomet,M
Mahroof,M
Mahrus,M
Mahshid,M
Mahsub,M
Mahsum,M
Mahsun,M
Mahtab,M
Mahud,M
Mahul,M
Mahum,M
Mahwash,M
Muawidah,F
Muawwazah,F
Muawwizah,F
Muayadah,F
Muayyadaa,F
Muayyadah,F
Muayyah,F
Muayyidah,F
Muazah,F
Muazza,F
Muazzama,F
Muazzaz,F
Muazzirah,F
Mubaraka,F
Mubashshira,F
Mubdia,F
Mubin,F
Mubina,F
Mudassira,F
Mudathira,F
Mueena,F
Mueenah,F
Mueerah,F
Mueidah,F
Mufazzalah,F
Mufazzilah,F
Mufiah,F
Mufida,F
Mufizah,F
Mufliha,F
Mujahida,F
Mujeedah,F
Mujiba,F
Mujiddah,F
Mujillah,F
Mujirah,F
Mujtahidah,F
Mukafat,F
Mukai,F
Mukarrama,F
Mukarramah,F
Mukawwinah,F
Mukhallisah,F
Mukhlasah,F
Mukhlisa,F
Mukhlisah,F
Mukhtarah,F
Mulan,F
Mulayka,F
Mulhah,F
Mulhat,F
Mulook,F
Mulukah,F
Mumayyaz,F
Mumtaz,F
Mumtaza,F
Mumtazah,F
Muna,F
Munaam,F
Munadiyah,F
Mandegar,F
Maneehah,F
Manel,F
Manfoosah,F
Manha,F
Manhal,F
Manhalah,F
Manhiyyah,F
Manizha,F
Manja,F
Mann,F
Mannana,F
Mannat,F
Manolya,F
Mansoora,F
Mansurah,F
Manusriyyah,F
Manzoora,F
Manzuma,F
Manzurah,F
Maqbulah,F
Maqsooda,F
Maqsurah,F
Maraam,F
Marab,F
Marah,F
Maram,F
Maranat,F
Mardhiah,F
Mareekh,F
Muntahi,F
Muntasiriyyah,F
Muqadaas,F
Muqadas,F
Muqaddasa,F
Muqaddasah,F
Muqbala,F
Muqbalah,F
Muqla,F
Muradat,F
Muraihah,F
Muraziyah,F
Murdiyyah,F
Muridah,F
Muriha,F
Murihah,F
Mursalah,F
Murshida,F
Murshidaa,F
Murshidah,F
Mursilah,F
Muruj,F
Murvareed,F
Murzaqah,F
Murziqah,F
Musabbihah,F
Musadah,F
Musaddiqa,F
Musaddiqah,F
Musafah,F
Marzouq,M
Marzug,M
Marzun,M
Marzuq,M
Marzuqi,M
Marzuqullah,M
Masad,M
Masadiq,M
Masajid,M
Masakin,M
Masari,M
Masarrat,M
Masbat,M
Masd,M
Masduq,M
Maseeh,M
Maseeh-uz-zaman,M
Mashael,M
Mashahid,M
Mashal,M
Mashar,M
Mashari,M
Mashariq,M
Mashawir,M
Masheedi,M
Masheer,M
Mashhad,M
Mashhood,M
Mashhoodah,M
Mashhud,M
Nadiraa,F
Nadirah,F
Nadiyah,F
Nadiyya,F
Nadjiba,F
Nadra,F
Nadrah,F
Nadriyyah,F
Nadwa,F
Nadwah,F
Nadya,F
Nadyne,F
Naeema,F
Naeemaat,F
Naeemah,F
Nafahat,F
Nafasat,F
Nafay,F
Nafeesa,F
Nafeesah,F
Nafeeza,F
Nafesa,F
Nafia,F
Nafiah,F
Nafisa,F
Nafisah,F
Nafissa,F
Nafizah,F
Nafla,F
Naflah,F
Mashhur,M
Mashiyat,M
Mashkoor,M
Mashkur,M
Mashkuri,M
Mashooq,M
Mashqur,M
Mashrafi,M
Mashriq,M
Mashriqi,M
Mashruh,M
Mashta,M
Mashuum,M
Masik,M
Masir,M
Masiri,M
Masjid,M
Maskun,M
Masood,M
Masoodan,M
Masoom,M
Masoud,M
Masroor,M
Masruq,M
Masrur,M
Massoud,M
Mastoor,M
Mastoori,M
Mastur,M
Masud,M
Makan,M
Makeen,M
Makhdoom,M
Makhluf,M
Makin,M
Makki,M
Maknoonah,M
Makram,M
Makramullah,M
Makrimi,M
Makrur,M
Maktub,M
Malak,M
Malang,M
Maleed,M
Maleeh,M
Maleek,M
Maleekan,M
Malih,M
Maliih,M
Maliki,M
Malmus,M
Maloof,M
Maloof-uddin,M
Malooful-islam,M
Malouf,M
Maluf,M
Maluum,M
Malyar,M
Mamdooh,M
Nageen,F
Nageena,F
Nageenah,F
Nagenah,F
Nagheen,F
Naghma,F
Naghmah,F
Naghmat,F
Nagina,F
Nagla,F
Nagma,F
Nagwa,F
Nahad,F
Nahal,F
Nahala,F
Nahar,F
Naheed,F
Naheeda,F
Nahid,F
Nahida,F
Nahidah,F
Nahiya,F
Nahiza,F
Nahizah,F
Nahjah,F
Nahla,F
Nahlah,F
Nahleejah,F
Nahran,F
Nahwah,F
Mostafa,M
Motabir,M
Motasim,M
Motaz,M
Mouhib,M
Moujab,M
Moujib,M
Moujid,M
Moukid,M
Moumin,M
Mouminin,M
Mouminun,M
Moumir,M
Mouna,M
Mounir,M
Mouqib,M
Mourad,M
Mouri,M
Mourib,M
Mousir,M
Moutaaz,M
Moutabir,M
Moutadil,M
Moutamad,M
Moutamid,M
Moutaq,M
Moutaqad,M
Moutaqid,M
Moutasam,M
Moutasim,M
Munadiyat,F
Munajidah,F
Munamirah,F
Munaqqaa,F
Munar,F
Munawar,F
Munawwar,F
Munawwara,F
Munazza,F
Munazzah,F
Mundiyah,F
Muneeba,F
Muneebah,F
Muneera,F
Muneerah,F
Munerah,F
Muneza,F
Munia,F
Muniba,F
Munifa,F
Munifah,F
Munira,F
Munirah,F
Munisa,F
Munisah,F
Munize,F
Munjidah,F
Munjiyah,F
Munshidah,F
Muntaha,F
Lu-luah,F
Lubaaba,F
Lubab,F
Lubaba,F
Lubabaa,F
Lubabah,F
Lubaibah,F
Luban,F
Lubana,F
Lubanah,F
Lubena,F
Lubina,F
Lublubah,F
Lubna,F
Lughah,F
Luha,F
Luham,F
Luja,F
Lujain,F
Lujaina,F
Lujayn,F
Lula,F
Luloah,F
Lulu,F
Lulua,F
Luluah,F
Lulwa,F
Luma,F
Lumaihah,F
Luna,F
Minnat,M
Minnat-ullah,M
Minsar,M
Miqdad,M
Miqdadi,M
Miqdam,M
Mir,M
Mir-jahaan,M
Mir-wais,M
Miradi,M
Miraf,M
Miraj,M
Mirajuddin,M
Miran,M
Mirfiq,M
Mirghad,M
Mirkhas,M
Mirrikh,M
Mirsab,M
Mirsad,M
Mirsal,M
Mirshadi,M
Mirshaq,M
Mirwaf,M
Mirwais,M
Mirza,M
Mirzai,M
Mirzaq,M
Misal,M
Misam,M
Masudi,M
Masum,M
Masun,M
Masus,M
Masyal,M
Masyhur,M
Mataf,M
Matahir,M
Matalib,M
Matar,M
Matari,M
Matee,M
Mateen,M
Mateer,M
Mateeri,M
Mathar,M
Mathnawi,M
Mathwa,M
Matin,M
Matir,M
Matlab,M
Matloob,M
Matlub,M
Mattali,M
Mauddin,M
Mauhub,M
Mausoof,M
Mawahib,M
Mawdood,M
Mawdud,M
Mehmood,M
Mehmud,M
Mehrab,M
Mehrad,M
Mehran,M
Mehrbod,M
Mehrshid,M
Mehrtash,M
Mehtab,M
Mehul,M
Mehzad,M
Mekka,M
Mensur,M
Miad,M
Mibkar,M
Mibsam,M
Mibshar,M
Midadi,M
Midhat,M
Midlaj,M
Midrar,M
Mieshar,M
Mietaf,M
Mietar,M
Mietawi,M
Mifrah,M
Miftaah,M
Miftah,M
Miftahuddin,M
Mifyaz,M
Mifzal,M
Mihad,M
Mihammad,M
Mihlal,M
Mihran,M
Mihraz,M
Mihwar,M
Mihyar,M
Mijbar,M
Mijdad,M
Mijhan,M
Mika,M
Mikaeel,M
Mikael,M
Mikail,M
Mikal,M
Mikayeel,M
Mikhaeel,M
Mikhail,M
Milad,M
Milhaan,M
Milhas,M
Mimar,M
Mimrah,M
Minhaj,M
Minhaj-uddin,M
Minhajuddin,M
Minhal,M
Minhali,M
Minnah,M
Naida,F
Naifah,F
Nail,F
Nailah,F
Nailawfir,F
Nailufar,F
Naima,F
Naimah,F
Naimat,F
Nain,F
Naina,F
Naira,F
Nairah,F
Naiyyira,F
Najaah,F
Najaf,F
Najah,F
Najat,F
Najdah,F
Najdiyyah,F
Najeeba,F
Najeedah,F
Najeemah,F
Najet,F
Najhah,F
Najhat,F
Najia,F
Najiba,F
Najibah,F
Najida,F
Muashir,M
Muattib,M
Muawin,M
Muawini,M
Muawiyah,M
Muawwal,M
Muawwaz,M
Muawwiz,M
Muayid,M
Muayish,M
Muayyad,M
Muayyid,M
Muaz,M
Muazid,M
Muazzam,M
Muazzid,M
Muazzim,M
Muazzimuddin,M
Muazzir,M
Mubajjal,M
Muballigh,M
Mubarak,M
Mubaraq,M
Mubarez,M
Mubariz,M
Mubarrik,M
Mubashir,M
Mubashsheer,M
Mubassir,M
Mubasysyir,M
Makrumah,F
Maktoomah,F
Maktoonah,F
Maladh,F
Malaeka,F
Malaha,F
Malahah,F
Malaika,F
Malaikah,F
Malak,F
Malakah,F
Malalai,F
Malayeka,F
Maleknaz,F
Maliha,F
Malika,F
Malmal,F
Mamduhah,F
Mamoona,F
Mamuriya,F
Mana,F
Manab,F
Manahel,F
Manahil,F
Manal,F
Manaliaa,F
Manar,F
Manara,F
Manari,F
Mandal,F
Muskah,F
Muskan,F
Muslihah,F
Muslima,F
Muslimaa,F
Muslimah,F
Muslimati,F
Musn,F
Musnah,F
Mussah,F
Mussaret,F
Mustaeenah,F
Mustaneeah,F
Mutahhara,F
Mutahharah,F
Mutairah,F
Mutazah,F
Muthailah,F
Muthalaa,F
Muthlaa,F
Mutia,F
Mutmaanah,F
Mutmainnah,F
Muwaffaqa,F
Muyassarah,F
Muyassirah,F
Muzaina,F
Muzainah,F
Muzammil,F
Muzaynah,F
Khatera,F
Khaterah,F
Khatereh,F
Khatiba,F
Khatibah,F
Khatijah,F
Khatira,F
Khatoon,F
Khatrah,F
Khavar,F
Khawara,F
Khawatir,F
Khawdan,F
Khawla,F
Khawlah,F
Khayal,F
Khayrah,F
Khayrat,F
Khayriyah,F
Khayriyya,F
Khayriyyah,F
Khayyira,F
Khazana,F
Khazanah,F
Khazeena,F
Khazraa,F
Khazrat,F
Khazzarah,F
Kheer,F
Khibrah,F
Natasha,F
Nathifa,F
Natila,F
Natiqa,F
Nauratan,F
Naureen,F
Naurus,F
Naushaba,F
Naushabah,F
Nausheen,F
Naushin,F
Nava,F
Naveda,F
Naveen,F
Navida,F
Navil,F
Nawal,F
Nawar,F
Nawat,F
Nawaylah,F
Naweed,F
Nawel,F
Nawfa,F
Nawfaa,F
Nawfah,F
Nawfalah,F
Nawla,F
Nawlaa,F
Nawlah,F
Nawr,F
Misaq,M
Misbaah,M
Misbah,M
Misbah-uddin,M
Misbahi,M
Misbaq,M
Misdad,M
Mishaaf,M
Mishaal,M
Mishal,M
Mishbaah,M
Mishdad,M
Mishkat,M
Mishraq,M
Misid,M
Misk,M
Miskeen,M
Miski,M
Mislafah,M
Misrar,M
Misri,M
Mistah,M
Mithal,M
Mithar,M
Miyaz,M
Mizan,M
Mizanur,M
Mizhir,M
Mizn,M
Mizyan,M
Mubayyin,M
Mubdih,M
Mubdir,M
Mubeen,M
Mubid,M
Mubin,M
Mubtasim,M
Mudabbir,M
Mudar,M
Mudasir,M
Mudasser,M
Mudassir,M
Mudathir,M
Muddassir,M
Muddathir,M
Muddaththir,M
Mudhakkir,M
Mudrik,M
Mueed,M
Mueen,M
Mueez,M
Mueid,M
Mueidi,M
Mueinuddin,M
Mufaad,M
Mufaddal,M
Mufadhal,M
Mufakhar,M
Mufakkir,M
Mufal,M
Mehrjan,F
Mehrnaz,F
Mehrnia,F
Mehrnoush,F
Mehrsa,F
Mehrunissa,F
Mehry,F
Mehvesh,F
Mehvish,F
Mehwish,F
Melek,F
Melissa,F
Meltem,F
Mersiha,F
Meshia,F
Mevish,F
Midha,F
Midhat,F
Miesha,F
Mietaa,F
Mietaaullah,F
Mifrah,F
Miftahah,F
Mihad,F
Mihr,F
Mihri,F
Milhaan,F
Mina,F
Minaal,F
Minal,F
Marduf,M
Mareekh,M
Mareen,M
Mareer,M
Marghab,M
Marghoob,M
Marghub,M
Marid,M
Marii,M
Marin,M
Marjaan,M
Markooz,M
Maroof,M
Marooh,M
Marsaa,M
Marsad,M
Marshud,M
Marshudi,M
Martia,M
Marudeen,M
Maruf,M
Maruff,M
Marufirah,M
Marukh,M
Marwaan,M
Marwan,M
Marwani,M
Marzban,M
Marzi,M
Marzooq,M
Nabaha,F
Nabahat,F
Nabawiya,F
Nabeeha,F
Nabeela,F
Nabeelah,F
Nabhanah,F
Nabighah,F
Nabiha,F
Nabihah,F
Nabijah,F
Nabila,F
Nabilah,F
Nacira,F
Nada,F
Nadaa,F
Naddaa,F
Nadeeda,F
Nadeemah,F
Nadeen,F
Nadeerah,F
Nadesh,F
Nadi,F
Nadiaa,F
Nadida,F
Nadidah,F
Nadima,F
Nadimah,F
Nadine,F
Nadira,F
Izzudeen,M
Jaabir,M
Jaad,M
Jaafar,M
Jaah,M
Jaaiz,M
Jaami,M
Jaamil,M
Jaan,M
Jaar,M
Jaari,M
Jaarullah,M
Jaasim,M
Jabal,M
Jabalah,M
Jaban,M
Jabar,M
Jabbaar,M
Jabbad,M
Jabbar,M
Jabeen,M
Jabez,M
Jabir,M
Jaboor,M
Jabr,M
Jabran,M
Jabreel,M
Jabril,M
Jad,M
Jad-allah,M
Musamma,F
Musarat,F
Musarrat,F
Musawat,F
Musawiyah,F
Musawwarah,F
Musaykah,F
Musdiyah,F
Musefah,F
Musfira,F
Musfirah,F
Mushaa,F
Mushadaa,F
Mushahida,F
Musharrafa,F
Musharrafah,F
Musheera,F
Mushiah,F
Mushilah,F
Mushira,F
Mushirah,F
Mushrifah,F
Mushtaq,F
Mushtaree,F
Mushtari,F
Musidah,F
Musiqah,F
Musirrah,F
Muska,F
Muskaan,F
Muhdee,M
Muheet,M
Muhib,M
Muhib-uddin,M
Muhib-ullah,M
Muhibb,M
Muhibbudin,M
Muhid,M
Muhif,M
Muhit,M
Muhiyuddin,M
Muhiyyuddin,M
Muhiz,M
Muhizzat,M
Muhjid,M
Muhlash,M
Muhriz,M
Muhsad,M
Muhshin,M
Muhsin,M
Muhsinin,M
Muhtad,M
Muhtadi,M
Muhtady,M
Muhtaram,M
Muhtarim,M
Muhtasab,M
Muhtashim,M
Muhtasib,M
Muhyi,M
Mansuri,M
Manuchehr,M
Manus,M
Manzar,M
Manzhar,M
Manzhoor,M
Manzoor,M
Manzur,M
Maooni,M
Maqadar,M
Maqasid,M
Maqbool,M
Maqbul,M
Maqbuli,M
Maqdeed,M
Maqdum,M
Maqdur,M
Maqeem,M
Maqil,M
Maqsood,M
Maqsud,M
Maqsyud,M
Maraheeb,M
Marahi,M
Maram,M
Maraqab,M
Marashid,M
Maratib,M
Marbuh,M
Mardin,M
Muhaddas,M
Muhadzhab,M
Muhafaz,M
Muhaffiz,M
Muhafiz,M
Muhafiz-ud-din,M
Muhaimin,M
Muhair,M
Muhaisan,M
Muhajir,M
Muhajjad,M
Muhallil,M
Muhammad,M
Muhammed,M
Muhanad,M
Muhanna,M
Muhannad,M
Muhanned,M
Muharram,M
Muharrem,M
Muharrim,M
Muhassan,M
Muhassin,M
Muhawwin,M
Muhayr,M
Muhazab,M
Muhazib,M
Muhazzab,M
Muhazzib,M
Muhazzim,M
Mujeedi,M
Mujfar,M
Mujib,M
Mujibi,M
Mujibur,M
Mujid,M
Mujir,M
Mujiran,M
Mujtaba,M
Mujtahid,M
Mukaarim,M
Mukabbir,M
Mukafat,M
Mukafih,M
Mukaibir,M
Mukairim,M
Mukairiman,M
Mukallaf,M
Mukammil,M
Mukarram,M
Mukhallad,M
Mukhallis,M
Mukhlas,M
Mukhlis,M
Mukhlish,M
Mukhlisi,M
Mukhtaar,M
Mukhtar,M
Mukhtari,M
Mukhtarul-haq,M
Noorah,F
Nooralhaya,F
Nooraniyah,F
Noori,F
Noorie,F
Noorien,F
Nooriya,F
Noorjahan,F
Noorjehan,F
Noorulain,F
Noqra,F
Nora,F
Norah,F
Noreen,F
Noreenah,F
Norhan,F
Noriza,F
Norosta,F
Noshaba,F
Nosheen,F
Noshi,F
Noshin,F
Nouf,F
Noum,F
Nour,F
Nouran,F
Nouranghiz,F
Noureen,F
Noursaba,F
Nousha,F
Moutaz,M
Moutazah-billah,M
Moutazim,M
Mouti,M
Moutif,M
Moutiq,M
Moutir,M
Muaafii,M
Muaanis,M
Muaath,M
Muad,M
Muaddal,M
Muaddil,M
Muaddini,M
Muadh,M
Muadz,M
Muafa,M
Muahid,M
Muain,M
Mualij,M
Mualla,M
Muallam,M
Mualli,M
Muallim,M
Muameer,M
Muammal,M
Muammar,M
Muammer,M
Muarrif,M
Muarrifi,M
Najidaa,F
Najidah,F
Najiha,F
Najihah,F
Najiya,F
Najiyah,F
Najiyyah,F
Najla,F
Najlaa,F
Najlah,F
Najlan,F
Najlat,F
Najm,F
Najma,F
Najmaa,F
Najmah,F
Najmiyyah,F
Najud,F
Najumah,F
Najwa,F
Najwan,F
Najya,F
Nakhat,F
Nakheel,F
Nakhlah,F
Nakia,F
Nama,F
Namaa,F
Namar,F
Nameera,F
Munis,M
Muniym,M
Munji,M
Munjid,M
Munkadir,M
Munna,M
Munqad,M
Munqiz,M
Munshid,M
Munsif,M
Muntaha,M
Muntahi,M
Muntaqa,M
Muntaqim,M
Muntasaf,M
Muntashir,M
Muntasir,M
Muntazar,M
Muntazir,M
Munthir,M
Munzir,M
Muqaddam,M
Muqaddas,M
Muqaddim,M
Muqaffa,M
Muqarab,M
Muqarrab,M
Muqarrib,M
Muqas,M
Muqassam,M
Muhyi-al-din,M
Muhyiddin,M
Muid,M
Muidd,M
Muin,M
Muin-ud-dawlah,M
Muin-ud-deen,M
Muin-uddin,M
Muinudeen,M
Muinul-islam,M
Muiz,M
Muizz,M
Muizz-ud-dawlah,M
Muizz-uddin,M
Muizzawi,M
Muizzi,M
Muizzuddin,M
Mujaahid,M
Mujab,M
Mujaddid,M
Mujahid,M
Mujammal,M
Mujammil,M
Mujawir,M
Mujayed,M
Mujazzir,M
Mujazziz,M
Mujeeb,M
Mujeed,M
Mujeedan,M
Nazneen,F
Naznin,F
Nazo,F
Nazpari,F
Nazra,F
Nazraana,F
Nazrat,F
Nazuk,F
Nazy,F
Nedjma,F
Neeka,F
Neekdokht,F
Neeki,F
Neeknaz,F
Neekta,F
Neeku,F
Neelam,F
Neelgoun,F
Neelma,F
Neelofar,F
Neelofer,F
Neelu,F
Neem,F
Neeshad,F
Neeya,F
Negaah,F
Negaara,F
Negaarin,F
Negar,F
Neghin,F
Mahzuz,M
Maidan,M
Maiin,M
Main,M
Mairaj,M
Mairanay,M
Maisur,M
Maiz,M
Maja,M
Majal,M
Majaz,M
Majd,M
Majd-al-din,M
Majdan,M
Majdi,M
Majdii,M
Majduddin,M
Majdudeen,M
Majdy,M
Majed,M
Majeed,M
Majeedan,M
Majeedi,M
Majha,M
Majid,M
Majid-al-din,M
Majiid,M
Majjad,M
Majjadin,M
Majzub,M
Muqassim,M
Muqatadir,M
Muqazi,M
Muqbil,M
Muqeet,M
Muqid,M
Muqla,M
Muqrin,M
Muqsit,M
Muqsith,M
Muqtadi,M
Muqtadir,M
Muqtafi,M
Muqtasid,M
Muraad,M
Murabbi,M
Murad,M
Muraffah,M
Muraffal,M
Murahiban,M
Muraih,M
Muraishid,M
Murakhas,M
Murarah,M
Murashih,M
Murat,M
Murawwah,M
Murawwih,M
Murazi,M
Murdah,M
Nihala,F
Nihel,F
Nihla,F
Nihlah,F
Nija,F
Nijah,F
Nijarah,F
Nijarat,F
Nijat,F
Nikhat,F
Nila,F
Nilaa,F
Nilah,F
Nilia,F
Niliyyah,F
Nilofar,F
Nilofer,F
Niloufar,F
Nilufar,F
Nima,F
Nimaat,F
Nimah,F
Nimatullah,F
Nimerah,F
Nimra,F
Nimrah,F
Nina,F
Nisa,F
Nisbah,F
Nisbat,F
Noushaa,F
Noushafarin,F
Noushin,F
Nouzhan,F
Nouzhin,F
Noya,F
Nuaim,F
Nuaimaat,F
Nuaimah,F
Nuaybah,F
Nuaymah,F
Nubla,F
Nuboogh,F
Nudairah,F
Nudar,F
Nudbah,F
Nudhar,F
Nudoora,F
Nudra,F
Nudrat,F
Nudriyyah,F
Nufaysah,F
Nuha,F
Nuhaa,F
Nuhiah,F
Nujaidah,F
Nujaimah,F
Nujud,F
Numa,F
Numou,F
Nawra,F
Nawraa,F
Nawrah,F
Nawroz,F
Nawwal,F
Nawwar,F
Nawwarah,F
Nawzaa,F
Nayamee,F
Nayila,F
Nayir,F
Nayla,F
Naylaa,F
Nayyab,F
Nayyara,F
Nayyirah,F
Nazaaha,F
Nazaara,F
Nazafarin,F
Nazaha,F
Nazahah,F
Nazakat,F
Nazan,F
Nazanin,F
Nazanina,F
Nazara,F
Nazarat,F
Nazarha,F
Nazdana,F
Nazee,F
Pakeezah,F
Pakiza,F
Palwasha,F
Pania,F
Paniz,F
Panra,F
Parand,F
Parandis,F
Parang,F
Paransa,F
Parastesh,F
Parastoo,F
Parastu,F
Pardaj,F
Pardees,F
Paree,F
Pareechehr,F
Pareechehra,F
Pareedokht,F
Pareerokh,F
Pareerou,F
Pareesa,F
Pareesan,F
Pareesima,F
Pareewash,F
Pareezad,F
Parghunda,F
Pari,F
Paria,F
Parigol,F
Mufallah,M
Mufarrij,M
Mufazzal,M
Mufazzil,M
Mufeed,M
Mufid,M
Mufiduddin,M
Mufiz,M
Mufizuddin,M
Muflah,M
Muflih,M
Muflihi,M
Mufrih,M
Mufti,M
Mufzil,M
Mughamir,M
Mugharbal,M
Mughiits,M
Mughir,M
Mughirah,M
Mughis,M
Mughith,M
Mughithi,M
Mughithuddin,M
Mughni,M
Mughram,M
Mughtin,M
Muhab,M
Muhabbab,M
Muhabbib,M
Nushur,F
Nusrah,F
Nusrat,F
Nutou,F
Nuwaira,F
Nuwairah,F
Nuwayla,F
Nuwaylah,F
Nuwayrah,F
Nuwwar,F
Nuwwara,F
Nuwwarah,F
Nuwwarrah,F
Nuzairah,F
Nuzar,F
Nuzha,F
Nuzhaa,F
Nuzhah,F
Nuzhat,F
Nyasia,F
Nyla,F
Nyneishia,F
Obaidiyah,F
Ohda,F
Ohelah,F
Ojala,F
Oldooz,F
Olka,F
Omaimiya,F
Omera,F
Kamaluddin,M
Kamayel,M
Kambiz,M
Kameel,M
Kamel,M
Kamil,M
Kamilan,M
Kamish,M
Kamlan,M
Kamran,M
Kamshad,M
Kamush,M
Kamyar,M
Kanoom,M
Kanz,M
Kanzuddin,M
Karaamat,M
Karam,M
Karamah,M
Karamat,M
Karamullah,M
Karawan,M
Kardal,M
Kardar,M
Kareef,M
Kareem,M
Karif,M
Karim,M
Karman,M
Karmani,M
Mutee,M
Muthab,M
Muthahhar,M
Muthanna,M
Muthib,M
Muthii,M
Muthlaq,M
Muti,M
Mutiul-islam,M
Mutiur-rahman,M
Mutlaq,M
Muttalib,M
Muttaqi,M
Muttaqin,M
Muttee,M
Muwafaq,M
Muwaffaq,M
Muwaffiq,M
Muwahid,M
Muwakkil,M
Muwaqqa,M
Muwassil,M
Muwwaz,M
Muyassar,M
Muyassir,M
Muzaffar,M
Muzaffar-uddin,M
Muzahhi,M
Muzahir,M
Muzahir-uddin,M
Nunah,F
Nuqawah,F
Nuqrah,F
Nur,F
Nur-al-huda,F
Nura,F
Nuraa,F
Nurah,F
Nurahan,F
Nuralain,F
Nurani,F
Nurat,F
Nurayda,F
Nureen,F
Nuri,F
Nuriya,F
Nuriyah,F
Nurjahan,F
Nurjenna,F
Nurshah,F
Nurtaj,F
Nuryn,F
Nusaiba,F
Nusaibah,F
Nusaimah,F
Nusairah,F
Nusaiybah,F
Nusayba,F
Nusaybah,F
Nushaba,F
Munabbihan,M
Munadhil,M
Munadi,M
Munadil,M
Munaf,M
Munahid,M
Munaim,M
Munaj,M
Munaji,M
Munajji,M
Munal,M
Munaqqi,M
Munar,M
Munasir,M
Munawar,M
Munawwar,M
Munawwir,M
Mundhir,M
Mundi,M
Mundzir,M
Muneeb,M
Muneer,M
Muneim,M
Munhiz,M
Munib,M
Munif,M
Muniif,M
Munim,M
Munir,M
Munir-uz-zaman,M
Parvina,F
Parween,F
Paryan,F
Parzheen,F
Pashmina,F
Patasa,F
Pazia,F
Pegah,F
Peninah,F
Peridot,F
Perkha,F
Peyvand,F
Pinar,F
Piraya,F
Piruza,F
Poonah,F
Porgul,F
Porushat,F
Pounaa,F
Pounah,F
Poupak,F
Pouran,F
Pouri,F
Purandokht,F
Purnoor,F
Purnush,F
Pursa,F
Puyah,F
Qaabilah,F
Qaaniah,F
Muslihuddin,M
Muslim,M
Muslimani,M
Muslimi,M
Muslimin,M
Musmih,M
Musmil,M
Musnad,M
Musnid,M
Mussarrat,M
Mustabshir,M
Mustaeen,M
Mustaf,M
Mustafa,M
Mustafa-kamal,M
Mustafaa,M
Mustafavi,M
Mustafeed,M
Mustafid,M
Mustafiz,M
Mustaghfir,M
Mustahaq,M
Mustahfiz,M
Mustahiq,M
Mustahsan,M
Mustahsin,M
Mustajaab,M
Mustajab,M
Mustajir,M
Mustakarim,M
Muzayyanah,F
Muzdalifa,F
Muzeeah,F
Muzhirah,F
Muzn,F
Muzna,F
Myiesha,F
Myreen,F
Mysha,F
Naadhirah,F
Naadirah,F
Naafiah,F
Naailah,F
Naaima,F
Naairah,F
Naaji,F
Naajidah,F
Naajiya,F
Naashirah,F
Naashitah,F
Naasihah,F
Naasira,F
Naayela,F
Naaz,F
Naazhimah,F
Naazhirah,F
Naazira,F
Naazneen,F
Naba,F
Nabaahat,F
Musaid,M
Musairi,M
Musalim,M
Musallat,M
Musalli,M
Musallim,M
Musan,M
Musannaf,M
Musannif,M
Musawi,M
Musawwir,M
Musayeib,M
Musayyab,M
Musayyib,M
Musbih,M
Musdi,M
Musedat,M
Musedi,M
Museeb,M
Musef,M
Musfir,M
Mushab,M
Mushaddaq,M
Mushaddiq,M
Mushahid,M
Mushakhis,M
Mushariq,M
Musharraf,M
Musharrafi,M
Musharrafuddin,M
Qaaria,F
Qabalah,F
Qabila,F
Qabilah,F
Qabool,F
Qaddarah,F
Qadduraa,F
Qaddurah,F
Qadeerah,F
Qadira,F
Qadri,F
Qadriyyah,F
Qadumah,F
Qahira,F
Qaifa,F
Qailah,F
Qaima,F
Qaisah,F
Qaleeb,F
Qamar,F
Qamara,F
Qamaraat,F
Qamari,F
Qamariyyah,F
Qameer,F
Qamirah,F
Qamra,F
Qamrun,F
Qanaat,F
Qaniah,F
Qanita,F
Qantara,F
Qanturah,F
Qaraah,F
Qarasafahl,F
Qareebah,F
Qareen,F
Qaribah,F
Qarirah,F
Qarsafah,F
Qarurah,F
Qaseema,F
Qaseemah,F
Qasiba,F
Qasida,F
Qasima,F
Qasira,F
Qasmaa,F
Qasoomah,F
Qassamah,F
Qasumah,F
Qaylah,F
Qaymayriyah,F
Qaysar,F
Qayyimah,F
Qiblah,F
Qiladah,F
Qindeel,F
Qindil,F
Qindilah,F
Moalim,M
Moazzam,M
Moazzem,M
Mobarak,M
Mobeen,M
Moeen,M
Moeen-uddin,M
Moeez,M
Moein,M
Moemen,M
Moez,M
Mohamed,M
Mohammad,M
Mohammed,M
Mohid,M
Mohsin,M
Mohtashim,M
Moin,M
Moin-ud-dawlah,M
Moin-uddin,M
Moinul-islam,M
Moiz,M
Mojtaba,M
Mokbul,M
Moktar,M
Momin,M
Moncef,M
Moomin,M
Moosa,M
Mosa,M
Qiraat,F
Qirat,F
Qisaf,F
Qismah,F
Qiyadah,F
Qiyam,F
Qiyyama,F
Quadriyyah,F
Quba,F
Qubilah,F
Qudairah,F
Quddoosiyyah,F
Quddusiyah,F
Quddusiyyah,F
Qudrah,F
Qudsia,F
Qudsiyah,F
Qudwa,F
Qudwah,F
Qumr,F
Qumrah,F
Qumri,F
Qunnah,F
Quraisha,F
Quraybah,F
Qurb,F
Qurrah,F
Qurrat,F
Qurratulain,F
Qurratulayn,F
Nisbi,F
Nisha,F
Nishat,F
Nisma,F
Nismah,F
Nismat,F
Nisreen,F
Nisrin,F
Nissa,F
Niswah,F
Nivin,F
Niyaf,F
Niyayesh,F
Niyaz,F
Niyusha,F
Niyyat,F
Nizalah,F
Nobahar,F
Nobar,F
Nogul,F
Nojood,F
Noon,F
Nooni,F
Noor-al-haya,F
Noor-jehan,F
Noor-ud-dunya,F
Noor-un-nahar,F
Noor-us-sabah,F
Noora,F
Noorafsha,F
Qusaimah,F
Qusar,F
Qutaylah,F
Qutayyah,F
Quwa,F
Raabia,F
Raabiah,F
Raabitah,F
Raafiah,F
Raahilah,F
Raahima,F
Raaida,F
Raaina,F
Raakiba,F
Raameen,F
Raana,F
Raani,F
Raashida,F
Raashidah,F
Raawiya,F
Raazia,F
Raaziyah,F
Rabaa,F
Rabab,F
Rabail,F
Rabbab,F
Rabbiya,F
Rabeea,F
Rabeeah,F
Rabeeba,F
Murdif,M
Murdini,M
Murfid,M
Murfiq,M
Murghib,M
Murid,M
Muridan,M
Murih,M
Murihan,M
Murkhi,M
Murkhis,M
Murran,M
Mursal,M
Mursaleen,M
Mursali,M
Mursalin,M
Murshad,M
Murshadi,M
Murshid,M
Murshidi,M
Mursili,M
Mursyid,M
Murtaad,M
Murtaaz,M
Murtad,M
Murtada,M
Murtadaa,M
Murtadha,M
Murtadhy,M
Murtadi,M
Mukhthar,M
Muktafi,M
Muktamil,M
Mukthadir,M
Muladin,M
Mulahib,M
Mulail,M
Mulaisen,M
Mulatif,M
Mulayim,M
Mulayin,M
Mulayl,M
Mulazim,M
Mulham,M
Mulhim,M
Mulk,M
Mulla,M
Multamas,M
Multamis,M
Muluk,M
Mumajjad,M
Mumajjid,M
Mumin,M
Mummar,M
Mumtaz,M
Muna,M
Munaadi,M
Munaam,M
Munaawir,M
Munabbahan,M
Mizyan,F
Moattar,F
Mobsim,F
Moeza,F
Mohaddisa,F
Mohga,F
Mohisa,F
Mohsana,F
Mohsina,F
Momina,F
Mona,F
Monera,F
Moonam,F
Morvarid,F
Moufida,F
Mouhsina,F
Moujabah,F
Mouminat,F
Mouminin,F
Mounia,F
Mounira,F
Moutazah,F
Moutiyah,F
Mozhda,F
Mozhdah,F
Mozhgan,F
Muammeerah,F
Muantirah,F
Muarrifah,F
Muawadah,F
Omideh,F
Ommata,F
Omniati,F
Onaifa,F
Onaitarah,F
Onaysa,F
Onshuda,F
Onsiyah,F
Ora,F
Orah,F
Oraiba,F
Oraibia,F
Orjun,F
Orna,F
Orwiya,F
Orzah,F
Orzala,F
Ouhood,F
Oula,F
Owaiba,F
Owaidat,F
Owaiqiba,F
Owaiza,F
Owaria,F
Oyaina,F
Ozra,F
Ozza,F
Padida,F
Padidah,F
Paivand,F
Mutabassim,M
Mutad,M
Mutahammil,M
Mutahar,M
Mutahhar,M
Mutahhir,M
Mutahhiran,M
Mutailib,M
Mutair,M
Mutairi,M
Mutakabbir,M
Mutakaffil,M
Mutali,M
Mutalib,M
Mutamad,M
Mutamakan,M
Mutamid,M
Mutamin,M
Mutammim,M
Mutaqid,M
Mutashim,M
Mutasim,M
Mutawakkil,M
Mutawalli,M
Mutawassit,M
Mutaygab,M
Mutayyib,M
Mutaz,M
Mutazid,M
Mutazz,M
Murtah,M
Murtahanullah,M
Murtahinullah,M
Murtaqa,M
Murtaqi,M
Murtawi,M
Murtaza,M
Murtazi,M
Muruj,M
Murur,M
Murzaq,M
Murzi,M
Murziq,M
Musa,M
Musaab,M
Musaaid,M
Musab,M
Musabbih,M
Musabi,M
Musabir,M
Musad,M
Musadan,M
Musaddad,M
Musaddaq,M
Musaddas,M
Musaddid,M
Musaddiq,M
Musadiq,M
Musaf,M
Musahib,M
Nasir-ud-din,M
Nasir-ud-dolah,M
Nasir-ul-islam,M
Nasirah,M
Nasiraldin,M
Nasiruddin,M
Nasooh,M
Nasr,M
Nasr-ullah,M
Nasrallah,M
Nasrat,M
Nasruddin,M
Nasrullah,M
Nassah,M
Nassar,M
Nasser,M
Nasser-udeen,M
Nassim,M
Nasuh,M
Natheer,M
Natiq,M
Nattaj,M
Naufal,M
Naumaan,M
Nauman,M
Naushad,M
Naveed,M
Navid,M
Nawaaf,M
Nawab,M
Parijan,F
Parikhan,F
Parimah,F
Parina,F
Parinaz,F
Parinda,F
Parinoush,F
Parisa,F
Parishad,F
Parivash,F
Pariwash,F
Pariza,F
Parizad,F
Parla,F
Parmeen,F
Parmees,F
Parmida,F
Parna,F
Parnia,F
Parnian,F
Parsa,F
Parto,F
Partou,F
Parva,F
Parvana,F
Parvanah,F
Parvar,F
Parveen,F
Parveendokht,F
Parvin,F
Muzain,M
Muzaini,M
Muzakir,M
Muzakkii,M
Muzakkir,M
Muzammil,M
Muzarib,M
Muzayyan,M
Muzayyin,M
Muzdahir,M
Muzhaffar,M
Muzhi,M
Muzhir,M
Muzn,M
Muzzammil,M
Naabih,M
Naadhir,M
Naadii,M
Naadim,M
Naadir,M
Naafil,M
Naail,M
Naaim,M
Naajih,M
Naajy,M
Naaman,M
Naaqid,M
Naase,M
Naashih,M
Naashir,M
Nashwan,F
Nasia,F
Nasiba,F
Nasifa,F
Nasifah,F
Nasiha,F
Nasihah,F
Nasikah,F
Nasikhah,F
Nasila,F
Nasim,F
Nasima,F
Nasimaa,F
Nasimah,F
Nasiqa,F
Nasira,F
Nasirah,F
Nasma,F
Nasmah,F
Nasmi,F
Nasooh,F
Nasra,F
Nasraa,F
Nasrat,F
Nasreen,F
Nasri,F
Nasrin,F
Nasrullah,F
Nasya,F
Natara,F
Raudah,F
Raudzah,F
Rauhah,F
Raushani,F
Rawa,F
Rawaa,F
Rawah,F
Rawaha,F
Rawahah,F
Rawan,F
Rawashed,F
Rawashedah,F
Rawayeh,F
Rawda,F
Rawdah,F
Rawdha,F
Raweeha,F
Rawfiyyah,F
Rawh,F
Rawhah,F
Rawhiya,F
Rawhiyah,F
Rawia,F
Rawiah,F
Rawiya,F
Rawiyah,F
Rawya,F
Rawza,F
Raya,F
Rayah,F
Naroon,F
Narvan,F
Nasar,F
Nasayir,F
Naseeba,F
Naseefa,F
Naseeha,F
Naseeka,F
Naseema,F
Naseemah,F
Naseera,F
Naseeraa,F
Naseerah,F
Nasha,F
Nashat,F
Nasheed,F
Nasheelah,F
Nasheem,F
Nashema,F
Nashia,F
Nashida,F
Nashidah,F
Nashika,F
Nashirah,F
Nashita,F
Nashitah,F
Nashmeel,F
Nashmia,F
Nashwa,F
Nashwaa,F
Nameer,M
Nami,M
Namik,M
Namiq,M
Namir,M
Namjur,M
Namood,M
Namran,M
Namvar,M
Nangial,M
Naoum,M
Naqeeb,M
Naqeel,M
Naqi,M
Naqib,M
Naqid,M
Naqil,M
Naqit,M
Naqqaash,M
Naqqad,M
Naqqash,M
Nariman,M
Narmin,M
Nasaar,M
Nasar,M
Nasayir,M
Naseeb,M
Naseef,M
Naseeh,M
Naseel,M
Rabeehah,F
Rabia,F
Rabiah,F
Rabiha,F
Rabihaat,F
Rabihah,F
Rabita,F
Rabitah,F
Rabiya,F
Rabiyah,F
Rabwa,F
Rabwah,F
Rachida,F
Radeyah,F
Radhia,F
Radhiya,F
Radhiyaa,F
Radhwa,F
Radhwaa,F
Radifa,F
Radiya,F
Radiyah,F
Radiyyah,F
Radwa,F
Radwaa,F
Raeda,F
Raeefa,F
Raeefah,F
Raeesa,F
Raeesah,F
Ramlaa,F
Ramlah,F
Ramlat,F
Ramsha,F
Ramza,F
Ramzah,F
Ramzia,F
Ramziyah,F
Ranaa,F
Ranada,F
Rand,F
Randa,F
Randah,F
Rane,F
Raneem,F
Rani,F
Rania,F
Ranim,F
Ranin,F
Raniya,F
Raniyah,F
Ranrha,F
Ranya,F
Raodah,F
Raoofah,F
Raoom,F
Raqeebah,F
Raqeema,F
Raqia,F
Raqiah,F
Naseem,M
Naseer,M
Naseer-uddin,M
Naseer-ul-islam,M
Naseeruddolah,M
Naser,M
Nashah,M
Nashat,M
Nasheet,M
Nashid,M
Nashif,M
Nashiif,M
Nashiir,M
Nashir,M
Nashit,M
Nashr,M
Nashr-ullah,M
Nashwan,M
Nasib,M
Nasif,M
Nasih,M
Nasih-uddin,M
Nasiim,M
Nasik,M
Nasikh,M
Nasim,M
Nasim-uddin,M
Nasim-ul-haq,M
Nasir,M
Nasir-al-din,M
Namia,F
Namirah,F
Namiyah,F
Namra,F
Namyla,F
Nangialai,F
Naoum,F
Naqa,F
Naqaawa,F
Naqeeba,F
Naqeebah,F
Naqiba,F
Naqilah,F
Naqiya,F
Naqsheen,F
Naraiman,F
Naratain,F
Nardana,F
Nardeen,F
Nareen,F
Narenja,F
Nargis,F
Nargol,F
Narina,F
Narinaa,F
Narisha,F
Narjis,F
Narmeen,F
Narmin,F
Narmina,F
Rakeenah,F
Rakhaa,F
Rakhamah,F
Rakhas,F
Rakheelah,F
Rakhima,F
Rakhimah,F
Rakhshanda,F
Rakhshandeh,F
Rakhshi,F
Rakhshinda,F
Rakhshindah,F
Rakhumah,F
Rakidah,F
Rakina,F
Raknah,F
Rama,F
Ramah,F
Rameen,F
Rameesah,F
Rameesha,F
Rameethah,F
Ramesh,F
Ramia,F
Ramidha,F
Ramina,F
Ramineh,F
Ramisa,F
Ramiza,F
Ramla,F
Rifaa,F
Rifaah,F
Rifaat,F
Rifah,F
Rifaq,F
Rifat,F
Rifaya,F
Rifayaz,F
Riffat,F
Rifqa,F
Rifqah,F
Rifqat,F
Riha,F
Rihaana,F
Riham,F
Rihana,F
Rihanah,F
Rihanna,F
Rija,F
Rijja,F
Rim,F
Rima,F
Rimona,F
Rimsha,F
Rina,F
Rinaaz,F
Riqbah,F
Riqqah,F
Rishona,F
Risliyyah,F
Reeba,F
Reeha,F
Reeham,F
Reem,F
Reema,F
Reena,F
Rehab,F
Reham,F
Rehana,F
Rehanah,F
Rehemat,F
Rehena,F
Reja,F
Renana,F
Resha,F
Resham,F
Reshma,F
Reshmaan,F
Reshmina,F
Reshtina,F
Retial,F
Reyah,F
Reyhana,F
Ribqah,F
Rida,F
Ridaa,F
Ridwaanah,F
Ridwan,F
Ridwana,F
Rifa,F
Riswana,F
Riza,F
Rizeen,F
Rizqaa,F
Rizqah,F
Rizqin,F
Rizwana,F
Robeena,F
Robina,F
Roha,F
Rohaan,F
Roheen,F
Rohi,F
Rohin,F
Rohina,F
Roma,F
Romaana,F
Romana,F
Romeesa,F
Romina,F
Rominah,F
Rona,F
Roobi,F
Rosha,F
Roshaan,F
Roshanak,F
Roshani,F
Roshina,F
Roshini,F
Roshna,F
Rahmi,F
Rahmiyyah,F
Rahqah,F
Rahumah,F
Raida,F
Raidah,F
Raifa,F
Raifah,F
Raiha,F
Raihaana,F
Raihaanah,F
Raihana,F
Raima,F
Raina,F
Raiqa,F
Raiqah,F
Raisa,F
Raitah,F
Rajah,F
Rajayah,F
Rajeeyah,F
Rajia,F
Rajiha,F
Rajihah,F
Rajini,F
Rajiya,F
Rajiyah,F
Rajwa,F
Rajwaa,F
Rajya,F
Nazeef,F
Nazeefah,F
Nazeeha,F
Nazeek,F
Nazeela,F
Nazeemah,F
Nazeera,F
Nazeerah,F
Nazeeta,F
Nazeeya,F
Nazgul,F
Nazheerah,F
Nazhmii,F
Nazia,F
Naziah,F
Nazifa,F
Naziha,F
Nazihah,F
Nazila,F
Nazima,F
Nazimah,F
Nazindah,F
Nazira,F
Nazirah,F
Nazish,F
Nazlar,F
Nazli,F
Nazma,F
Nazmin,F
Nazmiyyah,F
Mustakfi,M
Mustakim,M
Mustala,M
Mustali,M
Mustaltaf,M
Mustamsik,M
Mustaneer,M
Mustanjid,M
Mustansar,M
Mustansir,M
Mustapha,M
Mustaqeem,M
Mustaqiim,M
Mustaqil,M
Mustaqim,M
Mustarshid,M
Mustashar,M
Mustashir,M
Mustasim,M
Mustatab,M
Mustawi,M
Mustazhir,M
Mustazi,M
Musthafa,M
Musyaari,M
Musyaffa,M
Musyrif,M
Muta,M
Mutaa,M
Mutaal,M
Najeed,M
Najeeh,M
Najeemuddin,M
Naji,M
Najib,M
Najib-ud-din,M
Najib-ullah,M
Najid,M
Najih,M
Najillah,M
Najiullah,M
Najiyyullah,M
Najjad,M
Najjar,M
Najji,M
Najlan,M
Najm,M
Najm-al-din,M
Najm-ud-dawlah,M
Najm-uddin,M
Najm-udeen,M
Najm-us-saqib,M
Najmii,M
Najmuddin,M
Najud,M
Nakheel,M
Nakhlan,M
Nakir,M
Naman,M
Namdar,M
Raghiba,F
Raghibah,F
Raghidah,F
Raghubah,F
Raha,F
Rahaa,F
Rahaf,F
Rahana,F
Rahayef,F
Rahbat,F
Raheebah,F
Raheef,F
Raheela,F
Raheema,F
Raheemah,F
Rahiba,F
Rahifa,F
Rahifaa,F
Rahil,F
Rahila,F
Rahilah,F
Rahima,F
Rahimaa,F
Rahimah,F
Rahiq,F
Rahla,F
Rahma,F
Rahmaa,F
Rahmah,F
Rahmanah,F
Mawfoud,M
Mawhab,M
Mawhad,M
Mawhoob,M
Mawhub,M
Mawjud,M
Mawla,M
Mawoud,M
Mawsil,M
Mawthuq,M
Maymun,M
Mazahir,M
Mazamin,M
Mazeed,M
Mazhar,M
Mazhur,M
Maziar,M
Mazid,M
Mazin,M
Mazir,M
Mazkoor,M
Mazkur,M
Mazman,M
Mazmun,M
Mazruuii,M
Mebsam,M
Mehboob,M
Mehd,M
Mehdad,M
Meherdad,M
Nader,M
Nadheer,M
Nadhir,M
Nadhr,M
Nadia,M
Nadidah,M
Nadim,M
Nadir,M
Nadira,M
Nadjib,M
Nadqid,M
Nadr,M
Naeem,M
Naeem-ullah,M
Naef,M
Nafal,M
Nafasat,M
Nafees,M
Nafi,M
Nafih,M
Nafiis,M
Nafil,M
Nafis,M
Nafiz,M
Naghmat,M
Nagi,M
Nagib,M
Nagid,M
Naguib,M
Nahad,M
Rubeina,F
Rubi,F
Rubina,F
Rubiya,F
Rudainah,F
Rudaynah,F
Rufaa,F
Rufah,F
Rufaidah,F
Rufaidiyyah,F
Rufayah,F
Rufayda,F
Rufaydah,F
Rughaidah,F
Ruhab,F
Ruhaibah,F
Ruhaila,F
Ruhaimah,F
Ruhan,F
Ruhana,F
Ruhani,F
Ruhaniya,F
Ruhee,F
Ruhi,F
Ruhina,F
Ruhiya,F
Ruhm,F
Ruhma,F
Rukan,F
Rukayat,F
Nusur,M
Nutou,M
Nuurii,M
Nuwaib,M
Nuwaidir,M
Nuwair,M
Nuwairan,M
Nuwaisir,M
Nuzair,M
Nuzayh,M
Nuzhan,M
Nuzhat,M
Nuzhi,M
Obaid,M
Oktai,M
Omaijid,M
Omair,M
Omar,M
Omari,M
Omeed,M
Omeir,M
Omid,M
Omidvar,M
Omran,M
Omrao,M
Onays,M
Ons,M
Onsi,M
Onslow,M
Oraib,M
Musharrif,M
Mushawir,M
Mushaywir,M
Musheer,M
Musheer-uddin,M
Musheerul-islam,M
Mushfiq,M
Mushhid,M
Mushib,M
Mushidi,M
Mushin,M
Mushir,M
Mushir-ul-haq,M
Mushlih,M
Mushqari,M
Mushrif,M
Mushriq,M
Mushriqi,M
Mushtaaq,M
Mushtak,M
Mushtaq,M
Mushtaqi,M
Mushtaquddin,M
Musid,M
Musiq,M
Musir,M
Musjil,M
Musleh,M
Musli,M
Muslih,M
Raeha,F
Raeleah,F
Raem,F
Rafa,F
Rafah,F
Rafahiyyah,F
Rafal,F
Rafat,F
Rafeea,F
Rafeeah,F
Rafeedah,F
Rafeeqa,F
Rafeeqah,F
Rafia,F
Rafiah,F
Rafida,F
Rafidah,F
Rafifah,F
Rafiqa,F
Rafiqah,F
Rafiyyah,F
Rafraf,F
Raghad,F
Raghada,F
Raghador,F
Raghd,F
Raghda,F
Raghdah,F
Raghdiyyah,F
Ragheebah,F
Nawaf,M
Nawafil,M
Nawaz,M
Nawf,M
Nawfal,M
Nawfan,M
Nawhan,M
Nawl,M
Nawras,M
Nawroz,M
Nawwaar,M
Nawwab,M
Nawwaf,M
Nawwar,M
Nawyan,M
Nay,M
Nayab,M
Nayef,M
Nayel,M
Nayem,M
Nayif,M
Nayir,M
Nayyar,M
Nayyir,M
Nazakat,M
Nazar,M
Nazeef,M
Nazeeh,M
Nazeem,M
Nazeer,M
Roshni,F
Roubita,F
Roushana,F
Roushanak,F
Rouyaa,F
Rouza,F
Rowa,F
Roya,F
Roza,F
Rozha,F
Rozhan,F
Rozhbin,F
Rozhin,F
Rozhya,F
Rozhyar,F
Rozina,F
Rozinah,F
Rua,F
Ruaa,F
Ruaydaa,F
Ruaydah,F
Ruba,F
Rubaa,F
Rubab,F
Rubaba,F
Rubabah,F
Rubadah,F
Rubaihah,F
Ruban,F
Rubay,F
Ruqaya,F
Ruqayqah,F
Ruqayya,F
Ruqayyah,F
Ruqayyat,F
Ruquaiya,F
Ruqya,F
Rushadaa,F
Rushd,F
Rushda,F
Rushdiya,F
Rusul,F
Ruwa,F
Ruwaa,F
Ruwaid,F
Ruwaida,F
Ruwaidah,F
Ruwaiha,F
Ruwaizah,F
Ruwayda,F
Ruwaydah,F
Ruwayyifah,F
Ruxana,F
Ruya,F
Ruyaa,F
Ruyah,F
Ruzainah,F
Ruzaynah,F
Rya,F
Sa,F
Rukhaa,F
Rukhailah,F
Rukhaylah,F
Rukhsaanah,F
Rukhsaar,F
Rukhsana,F
Rukhsanah,F
Rukhsar,F
Rukhsara,F
Rukhshana,F
Ruksana,F
Ruksha,F
Rumailah,F
Rumaisa,F
Rumaisaa,F
Rumaisah,F
Rumaithah,F
Rumana,F
Rumaylah,F
Rumaysa,F
Rumayta,F
Rumaythah,F
Rumeha,F
Rumman,F
Rummana,F
Rummanah,F
Runa,F
Runak,F
Ruqa,F
Ruqaiya,F
Nitaj,M
Nithar,M
Niyaz,M
Niyazi,M
Niyoosha,M
Nizal,M
Nizam,M
Nizam-uddin,M
Nizam-ul-mulk,M
Nizamat,M
Nizami,M
Nizamuddin,M
Nizar,M
Nizhaam,M
Nizzar,M
Nobakht,M
Nofal,M
Nokhez,M
Noman,M
Nooh,M
Noor,M
Noor-muhammad,M
Noor-ud-din,M
Noor-udeen,M
Noor-ul-alam,M
Noor-ul-islam,M
Noor-uz-zaman,M
Noorali,M
Noordin,M
Noori,M
Noorul-absar,M
Noorul-ayn,M
Noorul-haq,M
Noorul-huda,M
Noorullah,M
Nooruz-zaman,M
Noraiz,M
Noufal,M
Nouh,M
Noum,M
Nouman,M
Nour,M
Noureddine,M
Noushzad,M
Novin,M
Nowrooz,M
Nowzar,M
Nuaim,M
Nuaimaan,M
Nuaym,M
Nubaid,M
Nubugh,M
Nudair,M
Nufail,M
Nuh,M
Nuhaid,M
Nuhayd,M
Nuhuz,M
Nujaid,M
Nujaim,M
Sabuhi,F
Sabura,F
Sadaaqah,F
Sadaat,F
Sadadah,F
Sadafah,F
Sadah,F
Sadaqa,F
Sadaqaat,F
Sadaqah,F
Sadat,F
Sadeeqa,F
Sadeeqah,F
Sadi,F
Sadia,F
Sadiah,F
Sadida,F
Sadika,F
Sadinah,F
Sadiqa,F
Sadiqah,F
Sadira,F
Sadiya,F
Sadiyah,F
Sadoof,F
Sadooh,F
Saduq,F
Sadya,F
Saeeda,F
Saeedaa,F
Rayan,F
Rayann,F
Raydaa,F
Raydah,F
Rayhan,F
Rayhanah,F
Rayia,F
Rayna,F
Raytah,F
Rayya,F
Rayyaa,F
Rayyah,F
Rayyan,F
Razaan,F
Razaana,F
Razaanah,F
Razana,F
Razanah,F
Razeenah,F
Razia,F
Razina,F
Razinah,F
Raziqa,F
Raziya,F
Raziyah,F
Raznah,F
Razwa,F
Razwaa,F
Rebab,F
Reda,F
Oraibi,M
Orang,M
Orhan,M
Orjun,M
Orkhan,M
Orz,M
Osama,M
Osamaa,M
Osman,M
Ossama,M
Othmane,M
Owaib,M
Owais,M
Owaisi,M
Owaiz,M
Ozaafar,M
Ozhan,M
Pamir,M
Parizad,M
Parsa,M
Parvaiz,M
Parvez,M
Parwez,M
Parwiz,M
Pasha,M
Pason,M
Patang,M
Patman,M
Payam,M
Paywastun,M
Saabiq,F
Saabira,F
Saabirah,F
Saadaa,F
Saadah,F
Saadanah,F
Saadia,F
Saadiqhah,F
Saadiya,F
Saadunah,F
Saaebah,F
Saaedah,F
Saaf,F
Saafah,F
Saafia,F
Saahibah,F
Saaida,F
Saaiha,F
Saaimah,F
Saaiqa,F
Saairah,F
Saajidah,F
Saakinah,F
Saaleha,F
Saalifah,F
Saaliha,F
Saalihah,F
Saalikah,F
Saalima,F
Saama,F
Nazer,M
Nazhan,M
Nazhif,M
Nazhiif,M
Nazhir,M
Nazif,M
Nazih,M
Naziih,M
Nazim,M
Nazim-uddin,M
Nazir,M
Nazir-uddin,M
Nazir-ul-islam,M
Nazish,M
Nazm,M
Nazmi,M
Nazzar,M
Nazzeer,M
Neekan,M
Neem,M
Neerumand,M
Nehad,M
Nehan,M
Nehrin,M
Neimat,M
Nemat,M
Nen,M
Niam,M
Niamullah,M
Niaz,M
Qaddur,M
Qadeem,M
Qadeer,M
Qadi,M
Qadim,M
Qadiman,M
Qadimi,M
Qadir,M
Qadoom,M
Qadr,M
Qadri,M
Qadriyah,M
Qahhar,M
Qahir,M
Qahtan,M
Qaid,M
Qaim,M
Qais,M
Qaiser,M
Qalandar,M
Qaleeb,M
Qamar,M
Qamari,M
Qamaruddin,M
Qamarullah,M
Qamarur-rahman,M
Qamarus-salam,M
Qamayr,M
Qamrani,M
Qamrun,M
Neha,F
Nehal,F
Nehla,F
Nehrin,F
Neima,F
Neimaat,F
Neimat,F
Nejat,F
Nelam,F
Nelee,F
Nelofar,F
Nemoona,F
Nesayem,F
Nesrin,F
Nevaeh,F
Niam,F
Niamullah,F
Niazmina,F
Nibaal,F
Nibal,F
Nida,F
Nidaa,F
Nidda,F
Niddat,F
Nigaar,F
Nigar,F
Nighat,F
Niha,F
Nihad,F
Nihal,F
Sabeeyah,F
Sabegah,F
Sabha,F
Sabhaa,F
Sabia,F
Sabiah,F
Sabibah,F
Sabih,F
Sabiha,F
Sabihah,F
Sabina,F
Sabiqa,F
Sabiqah,F
Sabira,F
Sabirah,F
Sabita,F
Sabitah,F
Sabiya,F
Sabooha,F
Sabqat,F
Sabreen,F
Sabreena,F
Sabri,F
Sabrin,F
Sabrina,F
Sabriya,F
Sabriyah,F
Sabriyya,F
Sabriyyah,F
Sabuah,F
Nahar,M
Nahi,M
Nahid,M
Nahiz,M
Nahran,M
Nahshal,M
Nahwan,M
Nahyan,M
Nahzan,M
Nahzat,M
Naib,M
Naif,M
Naifnail,M
Naiim,M
Nail,M
Naila,M
Naim,M
Naimur-rahman,M
Naiyyir,M
Naizak,M
Najaat,M
Najah,M
Najair,M
Najam,M
Najat,M
Najd,M
Najdat,M
Najdi,M
Najee,M
Najeeb,M
Sarwana,F
Sarwari,F
Sarwath,F
Sarya,F
Sasha,F
Sataish,F
Sateerah,F
Satila,F
Sattarah,F
Sauba,F
Sauda,F
Saudah,F
Savaira,F
Savina,F
Savine,F
Sawa,F
Sawab,F
Sawaba,F
Sawalih,F
Sawalihah,F
Sawbat,F
Sawda,F
Sawdah,F
Sawera,F
Sawlah,F
Sawrah,F
Sawrat,F
Sawsan,F
Sawsanah,F
Saya,F
Sareea,F
Sareema,F
Sargol,F
Sariba,F
Sarihah,F
Sarika,F
Sarima,F
Sarina,F
Sarish,F
Sarita,F
Sariya,F
Sariyah,F
Sarmadi,F
Sarood,F
Saroor,F
Sarosh,F
Sarra,F
Sarraa,F
Sarraat,F
Sarrinah,F
Sarv,F
Sarveen,F
Sarvenaz,F
Sarvgul,F
Sarvi,F
Sarvia,F
Sarvnaz,F
Sarwa,F
Sarwaat,F
Sarwah,F
Sammarah,F
Samra,F
Samraa,F
Samrah,F
Samreen,F
Samrina,F
Samtah,F
Samurah,F
Samya,F
Samyaa,F
Sana,F
Sanaa,F
Sanabel,F
Sanad,F
Sanah,F
Sanai,F
Sanam,F
Sanan,F
Sanari,F
Sanaubar,F
Sanaubur,F
Sanaya,F
Sanayah,F
Sanaz,F
Sandah,F
Sandara,F
Saneenah,F
Sangeet,F
Sangina,F
Saniha,F
Raqeeb,M
Raqeem,M
Raqian,M
Raqib,M
Raqim,M
Raqqah,M
Raqueeb,M
Raquib,M
Raseem,M
Raseen,M
Rashaad,M
Rashad,M
Rashdan,M
Rashed,M
Rasheed,M
Rasheed-ud-din,M
Rashid,M
Rashid-uddin,M
Rashiq,M
Rasikh,M
Rasil,M
Rasim,M
Rasin,M
Rasool,M
Rasteen,M
Rastgar,M
Rasul,M
Rasyad,M
Rasyid,M
Rasyiiq,M
Sanika,F
Sanina,F
Saniya,F
Saniyah,F
Saniyya,F
Saniyyaat,F
Sanjeeda,F
Sanjeedah,F
Sannah,F
Sanubar,F
Sanya,F
Sapeedah,F
Saphira,F
Sapidah,F
Sapna,F
Saqaafa,F
Saqabat,F
Saqiba,F
Saqibah,F
Saqrah,F
Saqriyyah,F
Sara,F
Saraab,F
Sarafina,F
Sarah,F
Sarahat,F
Sarahna,F
Saran,F
Sarayaa,F
Sarayah,F
Raqiba,F
Raqiqa,F
Raqqah,F
Rasa,F
Rasaan,F
Rasee,F
Raseena,F
Rasha,F
Rashaa,F
Rashadah,F
Rashaqa,F
Rashdaa,F
Rasheeda,F
Rasheedah,F
Rashida,F
Rashidaa,F
Rashidah,F
Rashieka,F
Rashiqa,F
Rashiqah,F
Rasifah,F
Rasikha,F
Rasima,F
Rasina,F
Rasiyah,F
Rasmi,F
Rasmiya,F
Rasmiyah,F
Ratiba,F
Ratiyah,F
Saeedah,F
Saeedanah,F
Safa,F
Safaa,F
Safawaat,F
Safdar,F
Safee,F
Safeena,F
Safeenah,F
Safeerah,F
Safeeya,F
Saffah,F
Saffanah,F
Saffiya,F
Safia,F
Safira,F
Safiya,F
Safiyah,F
Safiyya,F
Safiyyah,F
Safoor,F
Safoora,F
Safooraa,F
Safoorah,F
Safreen,F
Safun,F
Safura,F
Safwa,F
Safwah,F
Safwana,F
Rateeq,M
Ratib,M
Ratiq,M
Rauf,M
Rauh,M
Raumaan,M
Raunak,M
Raunaq,M
Rauoof,M
Raushan,M
Ravan,M
Raviv,M
Ravoof,M
Rawh,M
Rawman,M
Rawsan,M
Rawza,M
Rayan,M
Rayees,M
Rayhaan,M
Rayhan,M
Rayn,M
Rayyan,M
Rayyih,M
Rayyis,M
Raz,M
Raza,M
Razaan,M
Razaani,M
Razak,M
Qudsi,M
Qudus,M
Qudwa,M
Qulaib,M
Qumr,M
Qunbar,M
Quraisy,M
Qurb,M
Qurban,M
Qureshi,M
Qurtulain,M
Qurum,M
Qusait,M
Qusay,M
Qushayyi,M
Qusta,M
Qutaiba,M
Qutaibah,M
Qutaybah,M
Qutb,M
Qutbah,M
Qutbuddin,M
Qutbullah,M
Quthb,M
Qutub,M
Qutuz,M
Quwa,M
Raad,M
Raadhii,M
Raafat,M
Rafik,M
Rafiq,M
Rafou,M
Rafq,M
Ragab,M
Raghaad,M
Ragheb,M
Ragheed,M
Raghib,M
Raghibun,M
Raghid,M
Rahal,M
Raham,M
Rahamdil,M
Rahat,M
Rahayim,M
Rahbah,M
Rahbar,M
Rahbat,M
Rahd,M
Raheeb,M
Raheef,M
Raheel,M
Raheem,M
Raheesh,M
Rahiid,M
Rahil,M
Rahim,M
Rahm,M
Rahman,M
Sameena,F
Sameenah,F
Sameera,F
Sameerah,F
Sameh,F
Samera,F
Sameya,F
Samhaa,F
Samhah,F
Samhiyyah,F
Sami,F
Samia,F
Samiah,F
Samiha,F
Samihah,F
Samika,F
Samima,F
Samin,F
Samina,F
Saminah,F
Samiqa,F
Samira,F
Samirah,F
Samitah,F
Samiun,F
Samiya,F
Samiyah,F
Samiyyan,F
Sammadah,F
Sammar,F
Raafe,M
Raafi,M
Raafid,M
Raafiif,M
Raaghib,M
Raahil,M
Raahim,M
Raajii,M
Raakib,M
Raakin,M
Raamis,M
Raamiz,M
Raashid,M
Raatib,M
Raazi,M
Rab,M
Rabaee,M
Rabah,M
Rabar,M
Rabbaani,M
Rabbani,M
Rabee,M
Rabeeh,M
Rabees,M
Rabi,M
Rabih,M
Rabit,M
Rabooh,M
Rachid,M
Rad,M
Saluhah,F
Salwa,F
Salwah,F
Sama,F
Samaa,F
Samaah,F
Samaanah,F
Samaara,F
Samaaraa,F
Samaee,F
Samah,F
Samahaa,F
Samahah,F
Samaira,F
Saman,F
Samannaz,F
Samanrokh,F
Samanta,F
Samar,F
Samara,F
Samarah,F
Samawah,F
Samawat,F
Samawi,F
Samawiyah,F
Sameea,F
Sameeah,F
Sameeha,F
Sameeka,F
Sameen,F
Rahmat,M
Rahmath,M
Rahmatullah,M
Rahmi,M
Rai,M
Raid,M
Raif,M
Raihaan,M
Raihan,M
Raika,M
Raiq,M
Rais,M
Raisuddin,M
Raiyan,M
Raja,M
Raja-al-karim,M
Rajaa,M
Rajab,M
Rajeel,M
Rajhan,M
Raji,M
Rajih,M
Rakan,M
Rakeed,M
Rakeem,M
Rakeen,M
Rakhs,M
Rakhshaan,M
Rakhshan,M
Rakhwan,M
Niazi,M
Nibal,M
Nibraas,M
Nibras,M
Nidal,M
Nihaal,M
Nihad,M
Nihal,M
Nihan,M
Nihar,M
Nijad,M
Nijat,M
Nikhat,M
Niknam,M
Nikrouz,M
Nikzad,M
Nilabh,M
Nimat,M
Nimat-ullah,M
Nimatullah,M
Nimr,M
Ninos,M
Nisar,M
Nisbat,M
Nisbi,M
Nishaaj,M
Nishaath,M
Nishat,M
Nishtar,M
Nismat,M
Saamiah,F
Saamiya,F
Saara,F
Saarah,F
Saariyah,F
Saarrah,F
Saat,F
Saatarah,F
Saayah,F
Saayerah,F
Saayidah,F
Saba,F
Sabaa,F
Sabaahat,F
Sabah,F
Sabaha,F
Sabahah,F
Sabahat,F
Sabat,F
Sabbaaqa,F
Sabbaghah,F
Sabbarah,F
Sabburah,F
Sabeeha,F
Sabeehah,F
Sabeel,F
Sabeela,F
Sabeen,F
Sabeena,F
Sabeera,F
Shamsa,F
Shamshera,F
Shamsia,F
Shamuda,F
Shana,F
Shanaz,F
Shanika,F
Shanum,F
Shanza,F
Shanzay,F
Shanze,F
Shaperai,F
Shaqaaiq,F
Shaqayeq,F
Shaqeeqah,F
Shaqeerah,F
Shaqhaa,F
Shaqhah,F
Shaqiqa,F
Shaqra,F
Shaqrah,F
Shaqriyyah,F
Shaquarria,F
Sharaa,F
Sharah,F
Shararah,F
Sharayah,F
Shareefa,F
Shareefah,F
Shareekah,F
Safwat,F
Sagheera,F
Sagheerah,F
Saghira,F
Sahabah,F
Sahar,F
Saharaat,F
Sahargul,F
Sahari,F
Saharish,F
Saharnaz,F
Sahbah,F
Sahela,F
Sahibah,F
Sahimah,F
Sahira,F
Sahirah,F
Sahiyah,F
Sahla,F
Sahlah,F
Sahlat,F
Sahna,F
Sahrah,F
Sahrish,F
Saiba,F
Saibah,F
Saida,F
Saidah,F
Saihah,F
Saila,F
Shayma,F
Shaymaa,F
Shaza,F
Shazad,F
Shazadi,F
Shazah,F
Shazana,F
Shazfa,F
Shazi,F
Shazia,F
Shaziya,F
Shazmah,F
Shazmin,F
Shazmina,F
Shazneen,F
Shazrah,F
Sheba,F
Sheeba,F
Sheeda,F
Sheedah,F
Sheedrokh,F
Sheefa,F
Sheefta,F
Sheeftah,F
Sheela,F
Sheema,F
Sheemah,F
Sheen,F
Sheenaz,F
Sheereen,F
Shama,F
Shamaailah,F
Shamaamah,F
Shamail,F
Shamaila,F
Shamailah,F
Shamama,F
Shamamah,F
Shamara,F
Shameela,F
Shameelah,F
Shameemah,F
Shameena,F
Shamikh,F
Shamikha,F
Shamila,F
Shamilah,F
Shamima,F
Shamina,F
Shamira,F
Shamis,F
Shamisah,F
Shamkhah,F
Shamla,F
Shamma,F
Shammam,F
Shammamah,F
Shamoodah,F
Shamra,F
Shams-jahan,F
Riyadh,M
Riyasat,M
Riyaz,M
Riyazul-islam,M
Riza,M
Rizawan,M
Rizq,M
Rizq-allah,M
Rizqullah,M
Rizvan,M
Rizvi,M
Rizwaan,M
Rizwan,M
Robeel,M
Rochdi,M
Rohab,M
Rohail,M
Romaan,M
Ronaq,M
Roni,M
Rooh,M
Roohul-amin,M
Roohullah,M
Roozbah,M
Roshan,M
Rounak,M
Rouzba,M
Rowel,M
Rozhbin,M
Rozhyar,M
Saafi,M
Saafin,M
Saafir,M
Saahib,M
Saahir,M
Saahirah,M
Saaib,M
Saaid,M
Saaie,M
Saaigh,M
Saaih,M
Saaii,M
Saaim,M
Saaiq,M
Saair,M
Saajid,M
Saalif,M
Saalih,M
Saalik,M
Saalim,M
Saamah,M
Saami,M
Saamii,M
Saamir,M
Saamit,M
Saaqib,M
Saarim,M
Saayed,M
Sab,M
Sabaahat,M
Sheeva,F
Shehla,F
Shehr,F
Shehrbano,F
Shehzadi,F
Shehzeen,F
Sheida,F
Sheila,F
Shellah,F
Shemshad,F
Sherana,F
Shereen,F
Sherin,F
Shermin,F
Sherrifah,F
Shewa,F
Sheyla,F
Sheza,F
Shiblah,F
Shifa,F
Shifaa,F
Shihaam,F
Shilan,F
Shillan,F
Shimaa,F
Shimah,F
Shimaz,F
Shinat,F
Shinkai,F
Shinogai,F
Qandil,M
Qani,M
Qanit,M
Qareeb,M
Qareen,M
Qari,M
Qarib,M
Qarni,M
Qaseem,M
Qaseet,M
Qasheeb,M
Qashid,M
Qasid,M
Qasidul-haq,M
Qasif,M
Qasiim,M
Qasim,M
Qasimi,M
Qasimuddin,M
Qasit,M
Qasmun,M
Qassam,M
Qaswar,M
Qaswari,M
Qataadah,M
Qatadah,M
Qatawah,M
Qateef,M
Qatii,M
Qawee,M
Sephir,F
Sepida,F
Serena,F
Setara,F
Setayesh,F
Setoudeh,F
Sfiyah,F
Shaad,F
Shaadaan,F
Shaadiya,F
Shaafiah,F
Shaaheen,F
Shaahidah,F
Shaaistah,F
Shaakirah,F
Shaalah,F
Shaan,F
Shaariqah,F
Shaaz,F
Shababah,F
Shabahang,F
Shaban,F
Shabana,F
Shabeehah,F
Shabeenah,F
Shabibah,F
Shabin,F
Shabina,F
Shabinah,F
Shabirah,F
Shahla,F
Shahlaa,F
Shahlah,F
Shahlalai,F
Shahmah,F
Shahmeen,F
Shahnaaz,F
Shahnaz,F
Shahnoor,F
Shahparee,F
Shahra,F
Shahrazad,F
Shahrbano,F
Shahrbanou,F
Shahrbanu,F
Shahreen,F
Shahrin,F
Shahrizad,F
Shahrnaz,F
Shahro,F
Shahrzad,F
Shahrzadah,F
Shahrzadi,F
Shahzaadee,F
Shahzad,F
Shahzadi,F
Shahzana,F
Shaiba,F
Shaida,F
Shaila,F
Sadruddin,M
Saduh,M
Sadul-khalq,M
Sadun,M
Saee,M
Saeeb,M
Saeed,M
Saeed-uz-zaman,M
Saeedan,M
Saeel,M
Safa,M
Safdar,M
Safee,M
Safeen,M
Safeenah,M
Safeer,M
Saffah,M
Saffar,M
Safi,M
Safih,M
Safir,M
Safiuddin,M
Safiullah,M
Safiy,M
Safiy-al-din,M
Safiy-allah,M
Safiyy,M
Safiyy-ullah,M
Safiyyaddin,M
Saft,M
Nukhail,M
Numaan,M
Numair,M
Numan,M
Numou,M
Nur,M
Nur-al-din,M
Nur-al-huda,M
Nur-firdaus,M
Nur-ul-qiblatayn,M
Nurahan,M
Nuraiz,M
Nuraz,M
Nurdeen,M
Nurfirdaus,M
Nuril,M
Nurshah,M
Nuruddin,M
Nurulislam,M
Nurullah,M
Nusaib,M
Nusaim,M
Nusair,M
Nusayb,M
Nusayr,M
Nushab,M
Nushad,M
Nushur,M
Nusrah,M
Nusrat-uddin,M
Radee,M
Radeen,M
Radhee,M
Radhi,M
Radi,M
Radih,M
Radman,M
Radmehr,M
Radooh,M
Radvin,M
Raed,M
Raeef,M
Raees,M
Raem,M
Rafaaq,M
Rafaat,M
Rafan,M
Rafaqat,M
Rafat,M
Rafay,M
Rafayet,M
Rafaz,M
Rafee,M
Rafeek,M
Rafeeq,M
Rafeq,M
Rafi-ud-din,M
Rafid,M
Rafif,M
Rafiiq,M
Somila,F
Somna,F
Sonbol,F
Sonbula,F
Sonia,F
Soniya,F
Sonya,F
Sooraya,F
Sophia,F
Soraiya,F
Soraya,F
Sorfina,F
Sormeh,F
Souad,F
Sougand,F
Souhayla,F
Souma,F
Souna,F
Sounai,F
Souzan,F
Sparghai,F
Speda,F
Suad,F
Suadaa,F
Suaidah,F
Subah,F
Subaha,F
Subahah,F
Subaibah,F
Subaihah,F
Rusul,M
Rusydi,M
Ruwaid,M
Ruwaifi,M
Ruwaihim,M
Ruwaiq,M
Ruwais,M
Ruwaishid,M
Ruwayd,M
Ruwayfe,M
Ruwayfi,M
Ruwwad,M
Ruzm,M
Saabih,M
Saabiqah,M
Saabir,M
Saabit,M
Saad,M
Saadad,M
Saadah,M
Saadan,M
Saadat,M
Saadi,M
Saadiq,M
Saadoon,M
Saaduddin,M
Saadullah,M
Saaeb,M
Saaed,M
Saaf,M
Suhair,F
Suhaira,F
Suhana,F
Suharaat,F
Suhayla,F
Suhaylah,F
Suhayma,F
Suhaymah,F
Suhayr,F
Suhbah,F
Suheera,F
Suhrah,F
Sujah,F
Sujaydah,F
Sukaina,F
Sukainah,F
Sukaynah,F
Sukkar,F
Suknah,F
Sukniyyah,F
Sulabha,F
Sulafa,F
Sulafah,F
Sulaima,F
Sulaimaa,F
Sulaimaat,F
Sulaimah,F
Sulaiwah,F
Sulamaa,F
Sultaanah,F
Shafiyyah,F
Shafqat,F
Shafyaa,F
Shaghalay,F
Shaghayegh,F
Shaghf,F
Shagoofa,F
Shagoon,F
Shagufta,F
Shaguftah,F
Shahaba,F
Shahada,F
Shahamat,F
Shahana,F
Shaharun,F
Shahay,F
Shahbaa,F
Shahdokht,F
Shaheeda,F
Shaheen,F
Shaheera,F
Shaheerah,F
Shahema,F
Shahgul,F
Shahida,F
Shahidah,F
Shahin,F
Shahiqa,F
Shahira,F
Shahirah,F
Riaasat,M
Riad,M
Riaz,M
Ribi,M
Rida,M
Riddees,M
Ridfan,M
Ridha,M
Ridhaa,M
Ridhwaan,M
Ridhwan,M
Ridwaan,M
Ridwan,M
Rifaah,M
Rifaat,M
Rifal,M
Rifaq,M
Rifat,M
Rifqat,M
Rifqi,M
Rihab,M
Rihan,M
Rinad,M
Riqqah,M
Risay,M
Rishan,M
Risl,M
Riyaad,M
Riyaast,M
Riyad,M
Naasih,M
Naasik,M
Naasir,M
Naasir-ud-dolah,M
Naasir-uddin,M
Naasir-ul-islam,M
Naathim,M
Naayel,M
Naazhim,M
Naazir,M
Naba,M
Nabawi,M
Nabayil,M
Nabeeh,M
Nabeel,M
Nabhaan,M
Nabhan,M
Nabi,M
Nabi-bakhsh,M
Nabigh,M
Nabih,M
Nabihi,M
Nabiih,M
Nabil,M
Nabili,M
Nabit,M
Nabiullah,M
Nacer,M
Nadeem,M
Nadeer,M
Rubaih,M
Rufah,M
Ruhab,M
Ruhail,M
Ruhan,M
Ruhani,M
Ruhi,M
Ruhul-haq,M
Ruhul-qudus,M
Rujhan,M
Rukain,M
Rukanah,M
Rukhailah,M
Rukham,M
Rukhsar,M
Rukn,M
Ruknud-din,M
Rumaiz,M
Ruman,M
Ruqaihan,M
Ruqaim,M
Ruqee,M
Rushaid,M
Rushan,M
Rushd,M
Rushdam,M
Rushdan,M
Rushdi,M
Rushil,M
Rustam,M
Saburi,M
Sad-al-din,M
Sadaad,M
Sadaan,M
Sadaaqat,M
Sadaat,M
Sadad,M
Sadaf,M
Sadan,M
Sadaqat,M
Saddam,M
Sadeed,M
Sadeem,M
Sadeeq,M
Sadegh,M
Sadi,M
Sadid,M
Sadii,M
Sadiid,M
Sadik,M
Sadin,M
Sadiq,M
Sadiqin,M
Sadir,M
Sadit,M
Sadooq,M
Sadqan,M
Sadr,M
Sadra,M
Sadri,M
Sayah,F
Sayeeda,F
Sayibah,F
Sayida,F
Saymarah,F
Sayna,F
Sayyadah,F
Sayyah,F
Sayyedah,F
Sayyida,F
Sayyidah,F
Saz,F
Sazgar,F
Seem,F
Seema,F
Seemeen,F
Seerat,F
Seham,F
Seher,F
Sehr,F
Sehrish,F
Selima,F
Selina,F
Selma,F
Semaara,F
Semah,F
Senada,F
Senait,F
Senbal,F
Senzela,F
Shira,F
Shireen,F
Shirin,F
Shiya,F
Shiyaaj,F
Shiyam,F
Shiza,F
Shmoodah,F
Shokouh,F
Shokufa,F
Shokufaa,F
Shola,F
Shoulah,F
Shua,F
Shuaa,F
Shuaila,F
Shuba,F
Shudun,F
Shufafah,F
Shufaiqah,F
Shughla,F
Shuhada,F
Shuhaibah,F
Shuhaidah,F
Shuhairah,F
Shuhbah,F
Shuhda,F
Shuhdah,F
Shuhrah,F
Shuhrat,F
Saima,F
Saimah,F
Saiqa,F
Saira,F
Sairah,F
Sairan,F
Sairi,F
Sairish,F
Saiyyda,F
Saja,F
Sajdaa,F
Sajeedah,F
Sajida,F
Sajidah,F
Sajila,F
Sajiya,F
Sakeena,F
Sakeenah,F
Sakeeza,F
Sakhira,F
Sakhiya,F
Sakhiyyah,F
Sakhrah,F
Sakina,F
Sakinah,F
Salaat,F
Salama,F
Salawaat,F
Saleehah,F
Saleema,F
Saleemaa,F
Saleemaat,F
Saleemah,F
Saleena,F
Saleeqah,F
Salena,F
Saleshni,F
Salha,F
Sali,F
Salifah,F
Saliha,F
Salihah,F
Salihat,F
Salika,F
Salikah,F
Salima,F
Salimah,F
Salina,F
Salitaa,F
Salitah,F
Salma,F
Salmaa,F
Salmah,F
Saloofah,F
Saloomah,F
Saloua,F
Salsabeel,F
Salsabil,F
Salsabilah,F
Saltanah,F
Siraa,F
Siraayah,F
Sirah,F
Siraj,F
Siranoush,F
Sirat,F
Sireen,F
Sirin,F
Sisban,F
Sitaarah,F
Sitara,F
Sitarah,F
Sitr,F
Sitwat,F
Sitya,F
Siwa,F
Siyadah,F
Siyam,F
Siyana,F
Siyaq,F
Smera,F
Sobaika,F
Sobia,F
Sobiya,F
Sodad,F
Sofia,F
Sogand,F
Soha,F
Sohana,F
Somaya,F
Shabiyyah,F
Shablaa,F
Shabnam,F
Shadaab,F
Shadab,F
Shadha,F
Shadhaa,F
Shadhiyah,F
Shadia,F
Shadiah,F
Shadiya,F
Shadiyah,F
Shadiyyah,F
Shadleen,F
Shadman,F
Shadmani,F
Shadya,F
Shafana,F
Shafaq,F
Shafath,F
Shafeeah,F
Shafeefah,F
Shafeeqah,F
Shaffan,F
Shafia,F
Shafiah,F
Shafiqa,F
Shafiqah,F
Shafiya,F
Shafiyat,F
Raki,M
Rakin,M
Ralah,M
Ram,M
Ramadan,M
Ramadhan,M
Ramak,M
Raman,M
Ramazan,M
Rambod,M
Rameen,M
Rameez,M
Rami,M
Ramiar,M
Ramih,M
Ramin,M
Ramish,M
Ramiz,M
Ramiz-ud-din,M
Ramlat,M
Ramz,M
Ramza,M
Ramzee,M
Ramzi,M
Rana,M
Ranaa,M
Ranin,M
Raonar,M
Raoof,M
Raouf,M
Summaya,F
Summayyah,F
Sumnah,F
Sumou,F
Sumra,F
Sumrah,F
Sunan,F
Sunbul,F
Sunbula,F
Sundas,F
Sundus,F
Sunnah,F
Sunud,F
Sunya,F
Sura,F
Suraa,F
Surah,F
Suraiya,F
Suraya,F
Surayya,F
Surayyaa,F
Suri,F
Surina,F
Surma,F
Surraya,F
Susan,F
Sussan,F
Sutait,F
Suwaib,F
Suwaiba,F
Suwaibah,F
Suwaida,F
Suwaimah,F
Suwairaa,F
Suwaybah,F
Suwaydah,F
Suwera,F
Swiyyah,F
Syabiibii,F
Syarbiinii,F
Taabah,F
Taadeel,F
Taahira,F
Taahirah,F
Taaiba,F
Taaibah,F
Taal,F
Taalah,F
Taalea,F
Taalia,F
Taaliah,F
Taalluf,F
Taaqul,F
Taasees,F
Taazaz,F
Taba,F
Tabahhuj,F
Tabahhur,F
Tabalah,F
Tabana,F
Safuh,M
Saful-islam,M
Safwaan,M
Safwah,M
Safwan,M
Safwat,M
Safyy,M
Sagar,M
Sagheer,M
Saghir,M
Saghir-ali,M
Sahaab,M
Sahab,M
Sahabah,M
Sahand,M
Sahar,M
Sahari,M
Sahbah,M
Sahbal,M
Sahban,M
Sahbi,M
Saheed,M
Saheer,M
Saheim,M
Sahel,M
Saher,M
Sahhah,M
Sahi,M
Sahib,M
Sahil,M
Subail,F
Subayah,F
Subaytah,F
Subbiha,F
Subbooh,F
Subh,F
Subhaan,F
Subhah,F
Subhana,F
Subhiyah,F
Subuhi,F
Suda,F
Sudainah,F
Sudaiqah,F
Sudi,F
Sudur,F
Suffah,F
Sufia,F
Sufiya,F
Sughra,F
Sughraa,F
Sugra,F
Suha,F
Suhad,F
Suhaibah,F
Suhaila,F
Suhailaa,F
Suhailah,F
Suhaima,F
Suhaimah,F
Tahleem,F
Tahlibah,F
Tahmeed,F
Tahmina,F
Tahmineh,F
Tahniat,F
Tahreem,F
Tahrir,F
Tahseen,F
Tahseenah,F
Tahsin,F
Tahzeeb,F
Taiba,F
Taibah,F
Taidah,F
Taihaa,F
Taima,F
Tajallah,F
Tajdar,F
Tajmeel,F
Tajweed,F
Takiyah,F
Takreem,F
Tala,F
Talaah,F
Talaat,F
Talah,F
Talbashah,F
Talhah,F
Tali,F
Sartor,M
Sarvar,M
Sarwar,M
Sarwat,M
Satal,M
Sati,M
Satih,M
Sattar,M
Satwat,M
Saubaan,M
Sauban,M
Saud,M
Saulat,M
Sauud,M
Savak,M
Saviz,M
Sawaab,M
Sawab,M
Sawad,M
Sawahil,M
Sawalan,M
Sawdan,M
Sawin,M
Sawlat,M
Sawni,M
Sawrat,M
Sawsan,M
Sawwaaf,M
Sawwaf,M
Sawwan,M
Pelabo,M
Pervaiz,M
Perzo,M
Pir,M
Pirzada,M
Purdil,M
Qaabeel,M
Qaadir,M
Qaaid,M
Qaailah,M
Qaaim,M
Qaanay,M
Qaani,M
Qaanit,M
Qaari,M
Qaasim,M
Qaayed,M
Qaazi,M
Qabbaab,M
Qabeel,M
Qabid,M
Qabil,M
Qabilaa,M
Qabis,M
Qabiz,M
Qablan,M
Qabool,M
Qabus,M
Qadar,M
Qaddar,M
Samer,M
Samh,M
Samhaan,M
Samhari,M
Samhun,M
Sami,M
Samiar,M
Samid,M
Samih,M
Samihi,M
Samiih,M
Samiir,M
Samik,M
Samil,M
Samim,M
Samin,M
Samiq,M
Samir,M
Samit,M
Saml,M
Sammad,M
Sammak,M
Samman,M
Sammar,M
Samood,M
Samooh,M
Samoor,M
Samran,M
Samsaam,M
Samshad,M
Tabandeh,F
Tabani,F
Tabarruk,F
Tabassum,F
Tabasumm,F
Tabeedah,F
Tabeen,F
Tabeer,F
Tabiah,F
Tabina,F
Tabinda,F
Tabith,F
Tafheem,F
Tafida,F
Taflah,F
Tafli,F
Taghrid,F
Tahani,F
Taheera,F
Taheerah,F
Tahera,F
Tahfeem,F
Tahillah,F
Tahira,F
Tahirah,F
Tahiya,F
Tahiyah,F
Tahiyat,F
Tahiyyah,F
Tahkeem,F
Shujana,F
Shujayaah,F
Shukrah,F
Shukranah,F
Shukria,F
Shukriya,F
Shukriyah,F
Shukriyya,F
Shula,F
Shulaikhah,F
Shumaila,F
Shumaisiya,F
Shumaylah,F
Shumaysah,F
Shuqairaa,F
Shuqra,F
Shuqrah,F
Shuqriyyah,F
Shuqur,F
Shuraa,F
Shurafa,F
Shurafaa,F
Shurah,F
Shurooq,F
Shuruq,F
Shuwaihah,F
Shyreen,F
Siaad,F
Siba,F
Sibaal,F
Shafeeq,M
Shafi,M
Shafin,M
Shafiq,M
Shafiulla,M
Shafqat,M
Shafwan,M
Shaghaaf,M
Shaghf,M
Shah,M
Shah-alam,M
Shah-jahan,M
Shah-nawaz,M
Shahab,M
Shahada,M
Shahadat,M
Shahalad,M
Shahan,M
Shahan-shah,M
Shaharyar,M
Shahbaaz,M
Shahbaz,M
Shahd,M
Shahdad,M
Shaheeb,M
Shaheed,M
Shaheem,M
Shaheen,M
Shaheer,M
Shahib,M
Shaima,F
Shaina,F
Shaiqah,F
Shaira,F
Shairah,F
Shaista,F
Shaistah,F
Shajaa,F
Shajarah,F
Shajeea,F
Shajeeah,F
Shaju,F
Shakarnaz,F
Shakeeba,F
Shakeela,F
Shakeelah,F
Shakiba,F
Shakila,F
Shakira,F
Shakirah,F
Shakirat,F
Shakiriyyah,F
Shakkarah,F
Shakufa,F
Shakura,F
Shakurah,F
Shala,F
Shalal,F
Shalimar,F
Shalina,F
Razam,M
Razan,M
Razeem,M
Razeen,M
Razhan,M
Razi,M
Razi-ur-rahman,M
Raziin,M
Razik,M
Razin,M
Raziq,M
Razni,M
Razwan,M
Razzaaq,M
Razzak,M
Razzaq,M
Reda,M
Redouane,M
Rehab,M
Rehan,M
Rehma,M
Rehman,M
Rehmat,M
Rehmath,M
Rejab,M
Resa,M
Reshteen,M
Reyhan,M
Reza,M
Rezaul-karim,M
Qawi,M
Qawiyy,M
Qays,M
Qayyam,M
Qayyim,M
Qayyum,M
Qazafi,M
Qazi,M
Qazim,M
Qiblah,M
Qindil,M
Qirni,M
Qirtas,M
Qismat,M
Qiwam,M
Qiwamuddin,M
Qiyam,M
Qobad,M
Quadir,M
Quaid,M
Quasim,M
Quba,M
Qudaiman,M
Qudair,M
Qudamah,M
Quddoos,M
Qudoos,M
Qudrat,M
Qudratullah,M
Quds,M
Tutia,F
Ubaab,F
Ubab,F
Ubah,F
Ubaida,F
Ubayaa,F
Ubayaat,F
Udaina,F
Udaysah,F
Udoola,F
Ufairah,F
Ugay,F
Ugbaad,F
Uhaidah,F
Uhayra,F
Uhee,F
Uhud,F
Ujala,F
Ula,F
Ulema,F
Ulfah,F
Ulfat,F
Ulwiyat,F
Ulya,F
Umaima,F
Umaimah,F
Umaira,F
Umairah,F
Umaiza,F
Umama,F
Thuwaybah,F
Tibah,F
Tibhaj,F
Tibrah,F
Tina,F
Tinat,F
Tinjal,F
Tirana,F
Tirhab,F
Tisha,F
Tiyam,F
Tiymah,F
Tooba,F
Toshana,F
Toufika,F
Trana,F
Tuba,F
Tubaa,F
Tubassum,F
Tufan,F
Tufaylah,F
Tuhfa,F
Tulayhah,F
Tuqa,F
Tuqaa,F
Turaifah,F
Turan,F
Turas,F
Turfa,F
Turfah,F
Umamah,F
Umara,F
Umarah,F
Umayma,F
Umaymah,F
Umaynah,F
Umayrah,F
Umayyah,F
Umm,F
Umm-e-kulsum,F
Umm-kalthum,F
Umm-kulthum,F
Umm-sulaim,F
Ummah,F
Ummaiman,F
Ummayyah,F
Ummhamdi,F
Ummid,F
Ummul-hanaa,F
Ummul-khair,F
Umnia,F
Umniya,F
Umniyah,F
Umrah,F
Unaiza,F
Unaysah,F
Unayzee,F
Unaza,F
Unquda,F
Unsa,F
Vashti,F
Veesta,F
Vega,F
Vida,F
Vina,F
Viyana,F
Waabisah,F
Waafiyah,F
Waahibah,F
Waahida,F
Waahidah,F
Waaizhah,F
Waajida,F
Waajidah,F
Waaliyah,F
Waarithah,F
Waasey,F
Waasifah,F
Waasilah,F
Wabisa,F
Wabisah,F
Wadaaat,F
Wadaana,F
Wadad,F
Waddaa,F
Waddah,F
Waddia,F
Waddood,F
Wadeedah,F
Wadha,F
Salahan,M
Salahudeen,M
Salam,M
Salama,M
Salamah,M
Salamat,M
Salamatullah,M
Salar,M
Salarjung,M
Saleef,M
Saleel,M
Saleem,M
Saleem-uz-zaman,M
Saleemullah,M
Saleemuz,M
Salees,M
Saleet,M
Saleh,M
Salem,M
Sali,M
Salif,M
Salih,M
Salihan,M
Salihin,M
Saliim,M
Salik,M
Salil,M
Salim,M
Salit,M
Sallaam,M
Sahim,M
Sahir,M
Sahjeeah,M
Sahl,M
Sahm,M
Sahmir,M
Sahwan,M
Sahwi,M
Saib,M
Saibal,M
Said,M
Saif,M
Saif-al-din,M
Saifaddin,M
Saifan,M
Saifee,M
Saifiyy,M
Saifuddin,M
Saiful,M
Saiful-azman,M
Saiful-baari,M
Saiful-islam,M
Saiful-mulk,M
Saifullah,M
Saihaan,M
Saim,M
Sair,M
Sairah,M
Saja,M
Sajal,M
Tehreem,F
Tehzeeb,F
Thabitah,F
Thahera,F
Thameena,F
Thameenah,F
Thamina,F
Thaminah,F
Thamirah,F
Thana,F
Thanaa,F
Thara,F
Tharaa,F
Tharwah,F
Tharya,F
Thashin,F
Thayeba,F
Thoraya,F
Thubaitah,F
Thubaytah,F
Thufailah,F
Thuml,F
Thuraiya,F
Thuraya,F
Thurayya,F
Thurayyat,F
Thurraya,F
Thurrayya,F
Thuwabah,F
Thuwaibah,F
Wahibah,F
Wahida,F
Wahidah,F
Wahuj,F
Waiya,F
Wajahah,F
Wajahat,F
Wajee,F
Wajeeda,F
Wajeedaa,F
Wajeedah,F
Wajeeh,F
Wajeeha,F
Wajeehah,F
Wajeezah,F
Wajia,F
Wajibah,F
Wajida,F
Wajidah,F
Wajiha,F
Wajihah,F
Wajna,F
Wakeela,F
Wakeelah,F
Wala,F
Walaa,F
Waleedah,F
Waleeya,F
Walia,F
Walidah,F
Tannaz,F
Tanweer,F
Tanzeela,F
Tanzila,F
Taqadum,F
Taqadus,F
Taqdees,F
Taqiya,F
Taqiyah,F
Taqiyyah,F
Taqwa,F
Taqwaa,F
Tara,F
Taraab,F
Tarana,F
Taraneh,F
Tarannum,F
Tarashud,F
Tareefa,F
Tareefah,F
Tarfa,F
Tarheeb,F
Tarib,F
Tarifa,F
Tariqa,F
Tariqah,F
Tarkheem,F
Tarkhunah,F
Tarneem,F
Taroob,F
Shakirullah,M
Shakkar,M
Shakoor,M
Shakur,M
Shalabh,M
Shalah,M
Shalan,M
Shaleel,M
Shalih,M
Shalik,M
Shalin,M
Shaline,M
Shallal,M
Shamakh,M
Shamal,M
Shamas,M
Shameel,M
Shameem,M
Shamees,M
Shamehr,M
Shamel,M
Shamikh,M
Shamil,M
Shamim,M
Shamir,M
Shamis,M
Shammam,M
Shammas,M
Shammyn,M
Shamoil,M
Wadhaa,F
Wadi,F
Wadiah,F
Wadida,F
Wadiyah,F
Waelah,F
Wafa,F
Wafaa,F
Wafeeqa,F
Wafeeqah,F
Wafia,F
Wafiqa,F
Wafiqah,F
Wafiya,F
Wafiyah,F
Wafiyya,F
Wafiyyah,F
Wafiza,F
Wafqah,F
Wagma,F
Wahabah,F
Wahbah,F
Wahbiyah,F
Wahbiyyah,F
Wahdah,F
Wahdat,F
Waheebah,F
Waheeda,F
Waheedah,F
Wahiba,F
Shams,M
Shams-al-din,M
Shams-ud-dawlah,M
Shams-ud-duha,M
Shams-uddin,M
Shams-ul-arifin,M
Shams-ul-haq,M
Shams-uz-zaman,M
Shamsaddin,M
Shamsan,M
Shamshad,M
Shamsheer,M
Shamsher,M
Shamsideen,M
Shamuel,M
Shan,M
Shanawar,M
Shandar,M
Shannaf,M
Shaoor,M
Shapur,M
Shaqeeq,M
Shaqeer,M
Shaqeeri,M
Shaqir,M
Shaqoor,M
Shaqr,M
Shaqroon,M
Shaquita,M
Sharaf,M
Sabah,M
Sabahat,M
Sabalan,M
Sabaque,M
Sabat,M
Sabawoon,M
Sabbaah,M
Sabbaan,M
Sabbagh,M
Sabbaq,M
Sabbar,M
Sabbir,M
Sabeeh,M
Sabeel,M
Sabeer,M
Sabeeri,M
Sabh,M
Sabi,M
Sabigh,M
Sabih,M
Sabihi,M
Sabiq,M
Sabir,M
Sabit,M
Saboor,M
Sabr,M
Sabri,M
Sabuh,M
Sabur,M
Saburah,M
Walihah,F
Waliyah,F
Wallada,F
Walladah,F
Wanawsha,F
Wania,F
Waniya,F
Waqeea,F
Waqia,F
Waqida,F
Waqqaa,F
Waraqa,F
Ward,F
Warda,F
Wardaa,F
Wardah,F
Wardiyyah,F
Wareefah,F
Wareesha,F
Warida,F
Warisa,F
Waritha,F
Warizah,F
Warqa,F
Warqaa,F
Warsan,F
Wasama,F
Wasamah,F
Wasaya,F
Waseefah,F
Seneen,M
Sepahdar,M
Sepanta,M
Sepehr,M
Serir,M
Shaaban,M
Shaady,M
Shaaf,M
Shaafi,M
Shaafii,M
Shaaheen,M
Shaan,M
Shaar,M
Shaariq,M
Shab,M
Shabaan,M
Shabab,M
Shabah,M
Shaban,M
Shabar,M
Shabaz,M
Shabb,M
Shabbah,M
Shabbar,M
Shabbeer,M
Shabbir,M
Shabeeb,M
Shabeeh,M
Shabeer,M
Shabi,M
Yasaal,F
Yasaman,F
Yaseera,F
Yaser,F
Yashal,F
Yasharah,F
Yashfeen,F
Yasim,F
Yasira,F
Yasirah,F
Yasm,F
Yasma,F
Yasmeen,F
Yasmeenah,F
Yasmin,F
Yasmina,F
Yasminaa,F
Yasmine,F
Yasmoon,F
Yasna,F
Yasra,F
Yassaman,F
Yazeedah,F
Yelda,F
Youmna,F
Yousra,F
Yumn,F
Yumna,F
Yumnaa,F
Yumnaat,F
Sajeed,M
Sajeel,M
Saji,M
Sajid,M
Sajjaad,M
Sajjad,M
Sakha,M
Sakhan,M
Sakhawat,M
Sakheei,M
Sakher,M
Sakhi,M
Sakhir,M
Sakhr,M
Sakhrah,M
Sakoot,M
Sakou,M
Salaah,M
Salaahddinn,M
Salaahuddin,M
Salaam,M
Salaamah,M
Salaamat,M
Salaat,M
Salabah,M
Salabat,M
Salah,M
Salah-al-din,M
Salah-ud-din,M
Salahaddin,M
Shabib,M
Shabir,M
Shabri,M
Shabuur,M
Shad,M
Shadab,M
Shadah,M
Shadan,M
Shaddad,M
Shaddam,M
Shaddan,M
Shadee,M
Shadeed,M
Shadhin,M
Shadi,M
Shadid,M
Shadin,M
Shadiq,M
Shadli,M
Shadman,M
Shaeef,M
Shafaat,M
Shafaq,M
Shafaqat,M
Shafaqatullah,M
Shafar,M
Shafay,M
Shafee,M
Shafeef,M
Shafeei,M
Talia,F
Taliba,F
Talibah,F
Taloot,F
Talwasa,F
Tamadhur,F
Tamador,F
Tamadur,F
Tamanna,F
Tamanni,F
Tamar,F
Tamara,F
Tamassuk,F
Tamasul,F
Tamazur,F
Tameemah,F
Tameemiya,F
Tameen,F
Tameez,F
Tameka,F
Tamheed,F
Tamirah,F
Tamkeen,F
Tammamah,F
Tamra,F
Tamseel,F
Tanaz,F
Taneem,F
Tanisha,F
Tanjia,F
Zaheerah,F
Zahia,F
Zahian,F
Zahida,F
Zahida-bano,F
Zahida-sultana,F
Zahidah,F
Zahir,F
Zahira,F
Zahirah,F
Zahou,F
Zahra,F
Zahraa,F
Zahrah,F
Zahriyyah,F
Zahwah,F
Zahyaa,F
Zaib,F
Zaiba,F
Zaida,F
Zaigham,F
Zaighama,F
Zaima,F
Zain,F
Zaina,F
Zainab,F
Zainabah,F
Zainba,F
Zaira,F
Zairah,F
Samsor,M
Samurah,M
Sana,M
Sanaauddin,M
Sanad,M
Sanan,M
Sanaubar,M
Sanaullah,M
Sanawbar,M
Sandar,M
Sangar,M
Sangrez,M
Sani,M
Saniar,M
Sanie,M
Sanjar,M
Sannee,M
Sanobar,M
Sanubar,M
Sanwan,M
Saood,M
Saqaf,M
Saqat,M
Saqeef,M
Saqeel,M
Saqer,M
Saqib,M
Saqif,M
Saqlain,M
Saqqar,M
Yumnah,F
Yusairah,F
Yusayrah,F
Yusma,F
Yusra,F
Yusraa,F
Yusraat,F
Yusrah,F
Yusriya,F
Yusriyah,F
Yusriyya,F
Yusrullah,F
Zaada,F
Zaafira,F
Zaafirah,F
Zaahidah,F
Zaahira,F
Zaahirah,F
Zaaiirah,F
Zaakiyah,F
Zaamat,F
Zaaminah,F
Zaara,F
Zaaria,F
Zababa,F
Zabana,F
Zabeebat,F
Zabi,F
Zabia,F
Zabira,F
Zaiton,F
Zaitoon,F
Zaitoona,F
Zaitun,F
Zaituna,F
Zakaa,F
Zakat,F
Zakawat,F
Zakhira,F
Zakia,F
Zakiah,F
Zakira,F
Zakirah,F
Zakiya,F
Zakiyaa,F
Zakiyah,F
Zakiyya,F
Zakiyyah,F
Zala,F
Zalanda,F
Zalfa,F
Zaluj,F
Zamaair,F
Zamaneh,F
Zamda,F
Zameela,F
Zameelah,F
Zameena,F
Zamila,F
Zaminah,F
Saqr,M
Saqri,M
Saqrun,M
Saquib,M
Saraab,M
Sarab,M
Sarae,M
Sarafraz,M
Saramat,M
Sarang,M
Sarban,M
Sarbaz,M
Sardar,M
Sardee,M
Saree,M
Sareem,M
Sarfaraaz,M
Sarfaraz,M
Sarfraz,M
Sari,M
Sarih,M
Sarim,M
Sariyah,M
Sarkar,M
Sarmad,M
Sarosh,M
Sarou,M
Sarraan,M
Sarraw,M
Sartaj,M
Sayaam,M
Sayalan,M
Saydad,M
Sayeed,M
Sayel,M
Sayf,M
Sayfiyy,M
Sayfudeen,M
Sayfullah,M
Sayhan,M
Sayid,M
Saymar,M
Saymour,M
Saytar,M
Sayuj,M
Sayyaf,M
Sayyar,M
Sayyed,M
Sayyid,M
Sedik,M
Seef,M
Seema,M
Seepan,M
Seid,M
Seif,M
Seif-al-din,M
Selab,M
Selani,M
Semal,M
Sendid,M
Sihlal,M
Sikandar,M
Silaah,M
Silaam,M
Silah,M
Silahuddin,M
Silan,M
Silm,M
Simab,M
Simak,M
Simar,M
Sina,M
Sinan,M
Sinan-uddin,M
Sineen,M
Sinwan,M
Siraaj,M
Siraj,M
Siraj-al-din,M
Siraj-uddeen,M
Sirajaddin,M
Sirajuddin,M
Sirajulhaq,M
Sirat,M
Sirhan,M
Sirous,M
Sirvan,M
Siwar,M
Siyadah,M
Siyaf,M
Salmaan,M
Salman,M
Saloof,M
Saloom,M
Salsaal,M
Salsabil,M
Salsal,M
Salt,M
Sam,M
Sama,M
Samaah,M
Samaan,M
Samad,M
Samah,M
Samama,M
Saman,M
Samandar,M
Samar,M
Samawah,M
Samawi,M
Samd,M
Samee,M
Sameeah,M
Sameed,M
Sameeh,M
Sameek,M
Sameen,M
Sameer,M
Sameh,M
Samen,M
Siyam,M
Siyaq,M
Slaeet,M
Snober,M
Sobaan,M
Sofian,M
Sofiane,M
Sohaib,M
Sohail,M
Soham,M
Soheil,M
Sohil,M
Sohrab,M
Solwi,M
Sommar,M
Somood,M
Soran,M
Soroush,M
Souban,M
Souffian,M
Sparlay,M
Spinzar,M
Storay,M
Suaidan,M
Sual,M
Subah,M
Subah-uddin,M
Subaih,M
Subail,M
Subair,M
Zewar,F
Zeynep,F
Zhaahirah,F
Zhafeerah,F
Zhaheerah,F
Zhala,F
Zhalai,F
Zhalay,F
Zhaleh,F
Zhasman,F
Zhasmin,F
Zheela,F
Zheena,F
Zheeno,F
Ziara,F
Ziaul-qamar,F
Ziba,F
Zibaa,F
Zibandeh,F
Zibaru,F
Zibatalaat,F
Zibriqan,F
Zifaf,F
Zihaka,F
Zihni,F
Zihniyyah,F
Zikr,F
Zikra,F
Zikrayat,F
Zilal,F
Zamira,F
Zamrud,F
Zamurd,F
Zanbaqi,F
Zane,F
Zanera,F
Zaniah,F
Zanubiya,F
Zanurah,F
Zanyah,F
Zaqawat,F
Zara,F
Zarab,F
Zarafat,F
Zarafshan,F
Zaray,F
Zarbaha,F
Zareefa,F
Zareen,F
Zareena,F
Zareenah,F
Zareera,F
Zareesh,F
Zarfaat,F
Zarghama,F
Zarghuna,F
Zargonaa,F
Zargoon,F
Zargoona,F
Zargul,F
Wazeerah,F
Wazhaa,F
Wazhah,F
Wazia,F
Wazihaa,F
Wazihah,F
Wazira,F
Waznah,F
Wazzaa,F
Wiam,F
Wid,F
Widaad,F
Widad,F
Wided,F
Wifaq,F
Wijdan,F
Wiqaa,F
Wisaal,F
Wisal,F
Wisama,F
Wiyyam,F
Wordah,F
Wrashmin,F
Wuhaibah,F
Wuraidah,F
Wurud,F
Yaameen,F
Yaamin,F
Yaani,F
Yaasmeen,F
Sibaghah,F
Sibal,F
Sibgha,F
Siddeeqah,F
Siddiqa,F
Siddiqah,F
Siddra,F
Sidra,F
Sidrah,F
Sidratul-muntaha,F
Sifah,F
Sihaam,F
Sihab,F
Siheme,F
Silaam,F
Silai,F
Silma,F
Silmi,F
Sima,F
Simaab,F
Simaal,F
Simab,F
Simah,F
Simin,F
Simmaa,F
Simmah,F
Simra,F
Simrah,F
Sineen,F
Sinnah,F
Yafiah,F
Yafita,F
Yagana,F
Yakootah,F
Yakta,F
Yalina,F
Yalqoot,F
Yamaamah,F
Yamam,F
Yamama,F
Yamamah,F
Yamana,F
Yamar,F
Yameen,F
Yameena,F
Yameenaa,F
Yamha,F
Yamin,F
Yamina,F
Yaminah,F
Yamna,F
Yana,F
Yaqaazah,F
Yaqeen,F
Yaqeena,F
Yaquta,F
Yara,F
Yarah,F
Yariqa,F
Yas,F
Sultana,F
Sultanah,F
Sulthana,F
Sulufah,F
Sulwa,F
Sulwan,F
Sumaihah,F
Sumaira,F
Sumairaa,F
Sumaiya,F
Sumaiyaa,F
Sumaiyah,F
Sumama,F
Sumamah,F
Sumanah,F
Sumara,F
Sumaya,F
Sumayra,F
Sumayrah,F
Sumaytah,F
Sumayya,F
Sumayyah,F
Sumbal,F
Sumbul,F
Sumera,F
Sumia,F
Sumiya,F
Suml,F
Sumlina,F
Summar,F
Tabeed,M
Tabeen,M
Tabish,M
Tabith,M
Tabnak,M
Tabrez,M
Tabrid,M
Tabseer,M
Tadbir,M
Tadris,M
Tafaf,M
Tafali,M
Tafazzul,M
Tafheem,M
Tafli,M
Taghlib,M
Taha,M
Tahani,M
Tahannud,M
Tahar,M
Tahawwur,M
Tahbeer,M
Taheem,M
Taheer,M
Taher,M
Tahfeez,M
Tahib,M
Tahir,M
Tahleem,M
Tahmeed,M
Tajul-islam,M
Tajwar,M
Takleef,M
Takreem,M
Tal,M
Talaab,M
Talaat,M
Talab,M
Talah,M
Talal,M
Talat,M
Taleem,M
Talha,M
Talhah,M
Tali,M
Talib,M
Talibullah,M
Talim,M
Talish,M
Taloob,M
Taloot,M
Talum,M
Talut,M
Talya,M
Tamaam,M
Tamam,M
Tamanna,M
Tamassuk,M
Tamasul,M
Tameem,M
Shehyar,M
Shehzaad,M
Sher,M
Sherafgan,M
Sheraz,M
Sherif,M
Sherin,M
Shervan,M
Sheryar,M
Shezan,M
Shibil,M
Shibl,M
Shibli,M
Shiddiq,M
Shidqii,M
Shifan,M
Shifaullah,M
Shifwat,M
Shihab,M
Shihab-al-din,M
Shihab-uddin,M
Shihad,M
Shimah,M
Shinas,M
Shiqdar,M
Shiraz,M
Shoaib,M
Shpoon,M
Shriranjan,M
Shua,M
Uraifah,F
Urooba,F
Urooj,F
Uroosa,F
Urshia,F
Urwa,F
Urwah,F
Usaimah,F
Usaymah,F
Ushna,F
Ushta,F
Usmanah,F
Usraat,F
Uswa,F
Utaiqah,F
Utairah,F
Utaybah,F
Uwaisah,F
Uwaysah,F
Uzaibah,F
Uzaizah,F
Uzma,F
Uzrat,F
Vafa,F
Vafia,F
Valiqa,F
Vanda,F
Varda,F
Vardah,F
Varisha,F
Shuaa,M
Shuaib,M
Shuaif,M
Shuayb,M
Shubhi,M
Shubool,M
Shufaiq,M
Shufwat,M
Shuhaib,M
Shuhaid,M
Shuhair,M
Shuhrat,M
Shuhrokh,M
Shuhud,M
Shuja,M
Shujaa,M
Shujaat,M
Shujauddin,M
Shukr,M
Shukrallah,M
Shukri,M
Shukrullah,M
Shulaykhan,M
Shumayl,M
Shuneal,M
Shunnar,M
Shuqair,M
Shuqairah,M
Shuqairy,M
Shuqran,M
Tawaqur,F
Tawbaat,F
Tawbah,F
Tawfiqa,F
Tawfiqah,F
Tawheeda,F
Tawhidah,F
Tawilah,F
Tawlah,F
Tawus,F
Tawwabah,F
Tawwad,F
Taybah,F
Tayibat,F
Tayilah,F
Tayma,F
Taymurah,F
Taysirah,F
Tayyaba,F
Tayyiba,F
Tayyibah,F
Taza,F
Tazayyun,F
Tazeen,F
Tazima,F
Tazkia,F
Tazkiah,F
Tazmeen,F
Teeha,F
Tehmina,F
Waseela,F
Waseema,F
Waseemah,F
Wasfah,F
Wasfia,F
Wasfiyah,F
Wasfiyahor,F
Washana,F
Washida,F
Washma,F
Wasia,F
Wasifa,F
Wasifah,F
Wasifi,F
Wasila,F
Wasilah,F
Wasilla,F
Wasima,F
Wasimah,F
Wasiqa,F
Wasiya,F
Wasiyyah,F
Wasma,F
Wasmaa,F
Wasna,F
Wathiqa,F
Watiaa,F
Wawrina,F
Wazeenah,F
Wazeera,F
Sharafat,M
Sharafuddin,M
Sharaheel,M
Shardul,M
Shareef,M
Shareeh,M
Shareek,M
Shareeq,M
Sharfan,M
Shariah,M
Shariat,M
Shariatullah,M
Sharif,M
Sharifuddin,M
Sharifudin,M
Sharik,M
Sharim,M
Shariq,M
Sharique,M
Sharjeel,M
Sharjil,M
Sharrah,M
Sharuf,M
Sharveen,M
Shaswar,M
Shatb,M
Shati,M
Shaukat,M
Shaukeen,M
Shawaiz,M
Shareen,F
Sharfa,F
Sharfaa,F
Shari,F
Sharia,F
Sharifa,F
Sharifah,F
Shariqah,F
Shariykah,F
Sharleez,F
Sharmeela,F
Sharmeen,F
Sharmin,F
Sharminah,F
Sharraqah,F
Sharufah,F
Shasa,F
Shasmeen,F
Shatha,F
Shawab,F
Shawq,F
Shawqat,F
Shawqiyyah,F
Shawraa,F
Shayaa,F
Shayan,F
Shayestah,F
Shayiqah,F
Shaykhaa,F
Shayla,F
Shuqur,M
Shuraa,M
Shurahbeel,M
Shuraif,M
Shuraih,M
Shuraim,M
Shuraiq,M
Shurayh,M
Shuraym,M
Shuruq,M
Shuwair,M
Siamak,M
Siavash,M
Siba,M
Sibagh,M
Sibghat-ullah,M
Sibtain,M
Siddeeq,M
Siddiq,M
Siddique,M
Siddiqui,M
Siddiqullah,M
Sideeq,M
Sidqi,M
Sifet,M
Siffat,M
Sih,M
Sihab,M
Sihah,M
Siham,M
Shahid,M
Shahin,M
Shahiq,M
Shahir,M
Shahkam,M
Shahm,M
Shahmeer,M
Shahnaaz,M
Shahnam,M
Shahnawaz,M
Shahou,M
Shahpur,M
Shahr,M
Shahraan,M
Shahrad,M
Shahram,M
Shahrdad,M
Shahriar,M
Shahrokh,M
Shahrooz,M
Shahroud,M
Shahroz,M
Shahrukh,M
Shahrul,M
Shahruz,M
Shahsavar,M
Shahwar,M
Shahyar,M
Shahzad,M
Shahzada,M
Zabiyah,F
Zabiyyah,F
Zabreen,F
Zabya,F
Zaeemah,F
Zafaa,F
Zafar,F
Zafeera,F
Zafeerah,F
Zafira,F
Zafirah,F
Zafiya,F
Zafrat,F
Zafreen,F
Zafwat,F
Zaghalil,F
Zagheefat,F
Zagheeghat,F
Zaghlula,F
Zaghrab,F
Zahaa,F
Zahab,F
Zahabia,F
Zahabiya,F
Zahara,F
Zahbia,F
Zaheen,F
Zaheena,F
Zaheera,F
Zaheeraa,F
Subayah,M
Subayyaah,M
Subbooh,M
Subh,M
Subhan,M
Subhi,M
Subhy,M
Suboor,M
Sudain,M
Sudaiq,M
Sudair,M
Sudairi,M
Sudais,M
Sudur,M
Sufan,M
Sufi,M
Sufian,M
Sufyaan,M
Sufyan,M
Suhaan,M
Suhaib,M
Suhaibun,M
Suhaid,M
Suhail,M
Suhaili,M
Suhaim,M
Suhair,M
Suhayb,M
Suhayl,M
Suhaym,M
Suhbah,M
Suhban,M
Suhbani,M
Suheb,M
Suhrab,M
Suja,M
Sukkar,M
Sulaaf,M
Sulaif,M
Sulaikan,M
Sulaim,M
Sulaiman,M
Sulayk,M
Sulayman,M
Sulayt,M
Sulaytan,M
Suleiman,M
Sulh,M
Suloof,M
Sultaan,M
Sultan,M
Sulthan,M
Sumaih,M
Sumair,M
Sumama,M
Sumamah,M
Sumood,M
Sumou,M
Sumrah,M
Sumran,M
Taseer,M
Tashbeed,M
Tashfin,M
Taskeen,M
Tasleem,M
Taslim,M
Tasmeem,M
Tasmir,M
Tasneem,M
Tasneen,M
Tasnin,M
Tasteer,M
Tasuq,M
Tasweer,M
Tatheer,M
Taufik,M
Taufiq,M
Tauhid,M
Tauqeer,M
Tauqir,M
Tauseef,M
Tavana,M
Tawab,M
Tawaddud,M
Tawadud,M
Tawaf,M
Tawafiq,M
Tawakkul,M
Tawaqur,M
Tawas,M
Taqiuddin,M
Taqiy,M
Taqiyy,M
Taqiyy-uddin,M
Tarashud,M
Taraz,M
Tareef,M
Tareem,M
Tareeq,M
Tarek,M
Tareq,M
Tarfah,M
Tarheeb,M
Tarif,M
Tarik,M
Tarikh,M
Tariq,M
Tarique,M
Tarkheem,M
Taroon,M
Tarooq,M
Tarub,M
Tasadduq,M
Tasafi,M
Tasahir,M
Tasallee,M
Tasamuh,M
Tasawwar,M
Taseel,M
Taseen,M
Zilallah,F
Zilelahi,F
Zill,F
Zilla,F
Zilyazdan,F
Zimal,F
Zinaat,F
Zinah,F
Zinat,F
Zineb,F
Zineta,F
Zinia,F
Zinneerah,F
Ziram,F
Zirwa,F
Zivanka,F
Zivar,F
Ziyada,F
Ziyan,F
Zobia,F
Zoeya,F
Zoha,F
Zohal,F
Zoharin,F
Zohha,F
Zohniyya,F
Zohra,F
Zohura,F
Zonera,F
Zonira,F
Thayer,M
Thayyib,M
Thilaal,M
Thuailib,M
Thufail,M
Thumama,M
Thumamah,M
Tibaq,M
Tibhaj,M
Tibr,M
Tihaami,M
Tihami,M
Tilal,M
Tilaluddin,M
Tinjal,M
Tipu,M
Tiraq,M
Tireem,M
Tirhab,M
Tirmizi,M
Toaheed,M
Tobias,M
Tolwak,M
Tooba,M
Toqeer,M
Toryal,M
Toti,M
Treef,M
Tufail,M
Tufan,M
Tameez,M
Tamheed,M
Tami,M
Tamid,M
Tamim,M
Tamir,M
Tamiz,M
Tamjid,M
Tamkeen,M
Tammaam,M
Tammaan,M
Tammam,M
Tamman,M
Tammar,M
Tamur,M
Taneem,M
Tanim,M
Tanveer,M
Tanvir,M
Tanweel,M
Tanwir,M
Tanzeel,M
Tanzeem,M
Tanzil,M
Tanzilur,M
Taqaddam,M
Taqadum,M
Taqdees,M
Taqee,M
Taqi,M
Zoona,F
Zorah,F
Zoraida,F
Zoraiz,F
Zoreed,F
Zoreza,F
Zoufishan,F
Zoya,F
Zryan,F
Zubaah,F
Zubaida,F
Zubaidah,F
Zubairaa,F
Zubaria,F
Zubash,F
Zubayda,F
Zubaydah,F
Zubdah,F
Zubi,F
Zudora,F
Zufash,F
Zuhaa,F
Zuhaibah,F
Zuhaira,F
Zuhairaa,F
Zuharah,F
Zuhayra,F
Zuhayyah,F
Zuhdiyyah,F
Zuhera,F
Tufayl,M
Tuhin,M
Tuhinsurra,M
Tulaib,M
Tulayb,M
Tullaab,M
Tumadur,M
Tumaim,M
Tunveer,M
Turab,M
Turaj,M
Turan,M
Turas,M
Turhan,M
Turialai,M
Tuwaij,M
Tuwailib,M
Ubaadah,M
Ubad,M
Ubadah,M
Ubai,M
Ubaid,M
Ubaidullah,M
Ubay,M
Ubayd,M
Ubaydullah,M
Ubayy,M
Udai,M
Udail,M
Udaina,M
Tahmid,M
Tahoor,M
Tahrir,M
Tahseen,M
Tahsiin,M
Tahsin,M
Tahzeeb,M
Taib,M
Taif,M
Taifur,M
Taihan,M
Taim-allah,M
Taimallah,M
Taimaz,M
Taimim,M
Taimoor,M
Taimullah,M
Taimur,M
Taisiir,M
Taisir,M
Taizeen,M
Taj,M
Taj-al-din,M
Taj-udinn,M
Tajammal,M
Tajammul,M
Tajbakhsh,M
Tajdar,M
Tajim,M
Tajuddin,M
Suwar,M
Suwaybit,M
Suwayd,M
Suwayhil,M
Swab,M
Syaadii,M
Syaafi,M
Syaafii,M
Syaahiin,M
Syaamil,M
Syaban,M
Syafii,M
Syafiq,M
Syafruddin,M
Syahid,M
Syahiir,M
Syaibaan,M
Syakib,M
Syakir,M
Syamlaan,M
Syammaas,M
Syammakh,M
Syammari,M
Syaraahiil,M
Syaraf,M
Syarif,M
Syariifuddin,M
Syauqi,M
Sydeek,M
Syed,M
Uday,M
Udayl,M
Ufair,M
Uhaid,M
Uhban,M
Uhdawi,M
Uhud,M
Ujaab,M
Ujab,M
Ukashah,M
Ukkashah,M
Ulfat,M
Ulwaan,M
Umaarah,M
Umaijid,M
Umair,M
Umairi,M
Umaizar,M
Umar,M
Umara,M
Umarah,M
Umayr,M
Umayyah,M
Umdah,M
Umdatud-dawlah,M
Umed,M
Umer,M
Umid,M
Umrah,M
Umran,M
Zuhniyyah,F
Zuhoor,F
Zuhr,F
Zuhra,F
Zuhrah,F
Zuhriyyah,F
Zuhur,F
Zukhruf,F
Zulaikha,F
Zulaikhah,F
Zulaykha,F
Zuleika,F
Zuleikha,F
Zulekha,F
Zuleyka,F
Zulfa,F
Zulfaa,F
Zulfah,F
Zulhijjah,F
Zulla,F
Zultan,F
Zultana,F
Zumar,F
Zumard,F
Zumarrada,F
Zumurrud,F
Zumurruda,F
Zumzum,F
Zunairah,F
Zurafa,F
Tawazou,M
Tawbah,M
Taweel,M
Tawfeeq,M
Tawfik,M
Tawfiq,M
Tawheed,M
Tawhid,M
Tawkeel,M
Tawl,M
Tawlan,M
Tawoos,M
Tawqan,M
Tawqir,M
Tawseef,M
Tawus,M
Tawwab,M
Tawwad,M
Tayeb,M
Tayil,M
Taymallah,M
Taymullah,M
Taymur,M
Tayseer,M
Taysir,M
Tayyab,M
Tayyeb,M
Tayyib,M
Tazam,M
Tazayyun,M
Umrao,M
Unais,M
Unal,M
Unays,M
Unsar,M
Uqaab,M
Uqba,M
Uqbah,M
Uraif,M
Urfee,M
Urmia,M
Urooj,M
Urrab,M
Urwah,M
Usaamah,M
Usaid,M
Usaim,M
Usama,M
Usamah,M
Usayd,M
Usaym,M
Ushaim,M
Usman,M
Ustad,M
Uswah,M
Utaib,M
Utaif,M
Utaiq,M
Utayk,M
Utbah,M
Shawal,M
Shawamikh,M
Shawas,M
Shaweef,M
Shaweer,M
Shawqan,M
Shawqi,M
Shawr,M
Shawwan,M
Shaya,M
Shayaan,M
Shayal,M
Shayan,M
Shaybah,M
Shayban,M
Shayif,M
Shayraf,M
Shayyir,M
Shazad,M
Shazain,M
Shazeb,M
Shazil,M
Sheaaf,M
Sheeban,M
Sheeraz,M
Shees,M
Shehran,M
Shehroze,M
Shehryaar,M
Shehryar,M
Syihab,M
Syuja,M
Syukri,M
Syuraih,M
Taabeer,M
Taafeef,M
Taaha,M
Taahid,M
Taahir,M
Taai,M
Taaib,M
Taair,M
Taajuddin,M
Taal,M
Taalim,M
Taaliq,M
Taamir,M
Taanish,M
Taaraz,M
Taariq,M
Taazaz,M
Taban,M
Tabarak,M
Tabari,M
Tabarik,M
Tabarruk,M
Tabassum,M
Tabbah,M
Tabbar,M
Tabdar,M
Walid,M
Walif,M
Waliid,M
Waliullah,M
Waliy,M
Waliy-al-din,M
Waliy-allah,M
Waliy-udeen,M
Waliyallah,M
Waliyuddin,M
Waliyullah,M
Waliyy,M
Wallad,M
Wallid,M
Walliy-ullah,M
Wamaq,M
Wan,M
Waqaar,M
Waqar,M
Waqas,M
Waqf,M
Waqi,M
Waqid,M
Waqif,M
Waqqad,M
Waqqas,M
Waqur,M
Waraqah,M
Ward,M
Wardaa,M
Uthal,M
Uthman,M
Utsman,M
Uwaim,M
Uwaimir,M
Uwain,M
Uwais,M
Uwaiz,M
Uwayam,M
Uwaym,M
Uwaymir,M
Uzaafar,M
Uzaib,M
Uzair,M
Uzaiz,M
Uzayr,M
Vafi,M
Viqaas,M
Waad,M
Waadi,M
Waafir,M
Waafy,M
Waahid,M
Waail,M
Waaizh,M
Waajid,M
Waali,M
Waaqif,M
Waarid,M
Waarith,M
Wasl,M
Wassaf,M
Wassim,M
Wateeb,M
Wathab,M
Wathaq,M
Watheq,M
Wathiq,M
Wayel,M
Wazee,M
Wazeer,M
Wazian,M
Wazin,M
Wazir,M
Waziran,M
Wazn,M
Wazzah,M
Wiam,M
Wid,M
Widad,M
Widadi,M
Wifaq,M
Wijdan,M
Wilaayat,M
Wilan,M
Wilayat,M
Wildan,M
Wirad,M
Wisaam,M
Wisal,M
Waasey,M
Waashif,M
Waashil,M
Waasi,M
Waasif,M
Waasil,M
Waasiq,M
Waathiq,M
Waazi,M
Wabisah,M
Wad,M
Wadaan,M
Waddah,M
Waddeen,M
Waddood,M
Wadee,M
Wadeed,M
Wadhdhaah,M
Wadi,M
Wadid,M
Wadii,M
Wadood,M
Wadud,M
Waduud,M
Wael,M
Waf,M
Wafa,M
Wafadar,M
Wafaee,M
Wafai,M
Wardi,M
Wareef,M
Warid,M
Waris,M
Warish,M
Warith,M
Warqa,M
Warqah,M
Warshan,M
Wasaaf,M
Wasaf,M
Wasam,M
Wasay,M
Waseef,M
Waseem,M
Waseeq,M
Waseq,M
Wasey,M
Wasfi,M
Washan,M
Wasi,M
Wasidali,M
Wasif,M
Wasiim,M
Wasil,M
Wasilah,M
Wasim,M
Wasim-uddin,M
Wasiq,M
Wasiyy,M
Wahiid,M
Wail,M
Wais,M
Waiz,M
Wajaahat,M
Wajahat,M
Wajd,M
Wajdaan,M
Wajdan,M
Wajdi,M
Wajdii,M
Wajeed,M
Wajeeh,M
Wajeehan,M
Wajeh,M
Wajib,M
Wajid,M
Wajih,M
Wajih-uddin,M
Wajiih,M
Wakalat,M
Wakdar,M
Wakee,M
Wakeel,M
Wakib,M
Wakil,M
Wal,M
Walee,M
Waleed,M
Wali,M
Wafaqat,M
Wafee,M
Wafeeq,M
Wafeer,M
Wafi,M
Wafid,M
Wafii,M
Wafiq,M
Wahaab,M
Wahab,M
Wahaj,M
Wahb,M
Wahbaan,M
Wahban,M
Wahbi,M
Wahbullah,M
Wahdan,M
Wahdat,M
Waheeb,M
Waheebullah,M
Waheed,M
Wahhaaj,M
Wahhab,M
Wahhaj,M
Wahi,M
Wahib,M
Wahid,M
Wahid-uddin,M
Wahid-uz-zaman,M
Wahiib,M
Yaroq,M
Yarub,M
Yasaar,M
Yasar,M
Yaseen,M
Yaseer,M
Yasha,M
Yashal,M
Yashar,M
Yasin,M
Yasir,M
Yasoob,M
Yasra,M
Yasrib,M
Yassaar,M
Yasser,M
Yasub,M
Yathrib,M
Yawar,M
Yawer,M
Yawqeer,M
Yazan,M
Yazar,M
Yazdan,M
Yazeed,M
Yazid,M
Yoon,M
Yoonus,M
Yoosuf,M
Youcef,M
Zurafaa,F
Zurah,F
Zurfah,F
Zurmah,F
Zuwaila,F
Zuwailah,F
Zuwainah,F
Zuwaiten,F
Zyan,F
Zynah,F
Zyva,F
Sunain,M
Sunan,M
Sunat,M
Sunayyan,M
Sunbul,M
Sunnii,M
Sunud,M
Suoud,M
Suqaib,M
Suqair,M
Suraqah,M
Surayj,M
Sureen,M
Suroor,M
Surraq,M
Surur,M
Suruur,M
Sushiant,M
Suwaib,M
Suwaibih,M
Suwaibir,M
Suwaidan,M
Suwaidin,M
Suwaidis,M
Suwaif,M
Suwaih,M
Suwaihir,M
Suwailih,M
Suwailim,M
Suwaim,M
Younas,M
Younes,M
Younus,M
Yousef,M
Youssef,M
Yuhannis,M
Yumn,M
Yunus,M
Yusef,M
Yusha,M
Yushu,M
Yushua,M
Yusr,M
Yusri,M
Yusrullah,M
Yusuf,M
Yusur,M
Za,M
Zaabit,M
Zaad,M
Zaaef,M
Zaafir,M
Zaahid,M
Zaahii,M
Zaahir,M
Zaair,M
Zaakher,M
Zaaki,M
Zaakir,M
Zaal,M
Tarqiyah,F
Tarub,F
Tarz,F
Tasaad,F
Tasahir,F
Tasamuh,F
Tasavur,F
Taseefa,F
Tasheen,F
Tasiyah,F
Taskeen,F
Tasleema,F
Taslima,F
Tasliymah,F
Tasmeekh,F
Tasmeem,F
Tasmia,F
Tasmin,F
Tasmira,F
Tasmiyah,F
Tasneam,F
Tasneem,F
Tasneema,F
Tasnim,F
Tasteer,F
Tasweeb,F
Tasweer,F
Taufiqa,F
Tawadud,F
Tawaf,F
Wisam,M
Wissam,M
Wohayb,M
Wranga,M
Wuhaib,M
Wuhayb,M
Wuraid,M
Xander,M
Xavier,M
Xobeen,M
Yaafi,M
Yaafis,M
Yaaqoot,M
Yaar,M
Yaarunnabi,M
Yaaseen,M
Yaasiin,M
Yaasir,M
Yaasoob,M
Yaawar,M
Yacoob,M
Yacoub,M
Yaeesh,M
Yafi,M
Yafir,M
Yagana,M
Yaghnam,M
Yaghoub,M
Yahiya,M
Yahuda,M
Zaleeq,M
Zalmay,M
Zalool,M
Zaluj,M
Zamaair,M
Zamaam,M
Zamaan,M
Zamaar,M
Zaman,M
Zameel,M
Zameer,M
Zami,M
Zamiir,M
Zamil,M
Zamin,M
Zamir,M
Zamir-uddin,M
Zaml,M
Zamr,M
Zamurad,M
Zamurah,M
Zamurd,M
Zamzam,M
Zar,M
Zaraafat,M
Zaraan,M
Zarab,M
Zarak,M
Zaram,M
Zarang,M
Shahzaib,M
Shahzar,M
Shahzor,M
Shahzore,M
Shaib,M
Shaibaan,M
Shaida,M
Shaidaa,M
Shaidan,M
Shaigan,M
Shaikh,M
Shaikhul-islam,M
Shail,M
Shaim,M
Shaiq,M
Shairyaar,M
Shaista,M
Shajan,M
Shajar,M
Shajee,M
Shaji,M
Shakeeb,M
Shakeel,M
Shakeer,M
Shakhr,M
Shaki,M
Shakib,M
Shakil,M
Shakir,M
Shakirah,M
Zaheen,M
Zaheer,M
Zaheer-ud-dawlah,M
Zaheer-uddin,M
Zahhaak,M
Zahi,M
Zahian,M
Zahid,M
Zahil,M
Zahin,M
Zahir,M
Zahirul-haq,M
Zahl,M
Zahoor,M
Zahou,M
Zahran,M
Zahri,M
Zahrun,M
Zahuk,M
Zahun,M
Zahur,M
Zahyan,M
Zaid,M
Zaidan,M
Zaidi,M
Zaidun,M
Zaifullah,M
Zaigham,M
Zaighum,M
Zaim,M
Zaim-uddin,M
Zain,M
Zain-uddin,M
Zair,M
Zajil,M
Zaka,M
Zakaa,M
Zakar,M
Zakaria,M
Zakariya,M
Zakariyah,M
Zakariyya,M
Zakat,M
Zakawan,M
Zakawat,M
Zakhif,M
Zaki,M
Zaki-uddin,M
Zakir,M
Zakir-uddin,M
Zakir-ullah,M
Zakirul-islam,M
Zakiy,M
Zakiyy,M
Zakoor,M
Zakou,M
Zakwan,M
Zaky,M
Zal,M
Zaland,M
Zaarib,M
Zaatar,M
Zabar,M
Zabarjad,M
Zabba,M
Zabeeb,M
Zabeer,M
Zabi,M
Zabir,M
Zabit,M
Zaboor,M
Zabreen,M
Zabrij,M
Zaby,M
Zackariya,M
Zaeem,M
Zaer,M
Zafar,M
Zafaruddin,M
Zafeer,M
Zafir,M
Zafran,M
Zafrul,M
Zaghar,M
Zaghlul,M
Zagros,M
Zahaar,M
Zahanat,M
Zahauddin,M
Zaheel,M
Tazeem,M
Tazeen,M
Tazim,M
Tazimuddin,M
Tazneem,M
Teeb,M
Tehmeed,M
Tehseen,M
Thaabit,M
Thaahaa,M
Thaalab,M
Thabi,M
Thabit,M
Thahir,M
Thalabah,M
Thalal,M
Thalib,M
Thaman,M
Thamar,M
Thameen,M
Thamer,M
Thamir,M
Thaqaf,M
Thaqib,M
Thariq,M
Tharwat,M
Thauban,M
Thawab,M
Thawban,M
Thayeb,M
Zaria,F
Zarifa,F
Zarifah,F
Zarin,F
Zarina,F
Zariya,F
Zariyah,F
Zarka,F
Zarma,F
Zarmina,F
Zarnab,F
Zarola,F
Zarqa,F
Zarqa-bano,F
Zarqa-habiba,F
Zarqa-sultana,F
Zarqaa,F
Zarra,F
Zarrah,F
Zartaj,F
Zaryab,F
Zaryan,F
Zaufishan,F
Zawal,F
Zawala,F
Zaweela,F
Zawiya,F
Zayaan,F
Zayana,F
Zayanaa,F
Zimra,M
Zimran,M
Zirar,M
Zishan,M
Ziya,M
Ziyaa,M
Ziyaad,M
Ziyaam,M
Ziyad,M
Ziyada,M
Ziyadat-ullah,M
Zmarak,M
Zmaray,M
Zohaib,M
Zohair,M
Zoheb,M
Zoheir,M
Zohoor,M
Zohran,M
Zoomeer,M
Zoraiz,M
Zoran,M
Zorawar,M
Zryan,M
Zuaib,M
Zubaid,M
Zubair,M
Zubayr,M
Zuber,M
Zuehb,M
Yahya,M
Yahyaa,M
Yahyah,M
Yakta,M
Yakub,M
Yala,M
Yalaa,M
Yalmaz,M
Yama,M
Yamaan,M
Yamak,M
Yamam,M
Yaman,M
Yamar,M
Yameen,M
Yamun,M
Yanaabi,M
Yaqana,M
Yaqeen,M
Yaqin,M
Yaqinuddin,M
Yaqinul-islam,M
Yaqiz,M
Yaqoob,M
Yaqoot,M
Yaqub,M
Yaqzan,M
Yaqzhaan,M
Yar,M
Yardan,M
Zuljalal,M
Zulkifl,M
Zulnoon,M
Zulnoorain,M
Zulqadr,M
Zulqarnain,M
Zulqarnayn,M
Zulqurnayn,M
Zultan,M
Zumail,M
Zumar,M
Zumarrad,M
Zunnoon,M
Zunnur,M
Zuraib,M
Zushimalain,M
Zuti,M
Zuwail,M
Zuwayhir,M
Zuzer,M
Zwaahir,M
Zwandun,M
Zyan,M
Zyauddeen,M
Zufar,M
Zufishan,M
Zufunoon,M
Zuha,M
Zuhaa,M
Zuhaib,M
Zuhain,M
Zuhair,M
Zuhayr,M
Zuhdi,M
Zuhdii,M
Zuhni,M
Zuhoor,M
Zuka,M
Zuka-uddin,M
Zuka-ullah,M
Zukr,M
Zulaykha,M
Zulaym,M
Zulfaqar,M
Zulfat,M
Zulfateh,M
Zulfi,M
Zulfikar,M
Zulfiqar,M
Zulghaffar,M
Zulghina,M
Zulhijjah,M
Zulhimmah,M
Zulikram,M
Zarar,M
Zaray,M
Zarbat,M
Zardab,M
Zardasht,M
Zareeb,M
Zareef,M
Zareer,M
Zarf,M
Zargar,M
Zargham,M
Zarghun,M
Zargoon,M
Zargul,M
Zarhawar,M
Zarhgay,M
Zari,M
Zarif,M
Zarim,M
Zariyan,M
Zarkanay,M
Zarlesh,M
Zarmast,M
Zarnab,M
Zaroon,M
Zarq,M
Zarrar,M
Zartash,M
Zaryab,M
Zaryan,M
Zaufishan,M
Zaumar,M
Zauq,M
Zavian,M
Zavier,M
Zaviyar,M
Zawaad,M
Zawal,M
Zawar,M
Zaweel,M
Zawqi,M
Zawri,M
Zayaam,M
Zayan,M
Zayb,M
Zayd,M
Zaydan,M
Zayed,M
Zayef,M
Zayer,M
Zayid,M
Zayir,M
Zayn,M
Zaynul-abidin,M
Zaytoon,M
Zayyan,M
Zayyat,M
Zeb,M
Zebadiyah,M
Zeebaq,M
Zeeshah,M
Zeeshan,M
Zehab,M
Zehn,M
Zemar,M
Zewar,M
Zeyad,M
Zgard,M
Zhaahir,M
Zhabyun,M
Zhafir,M
Zhahiir,M
Zhalah,M
Zharf,M
Zharif,M
Zhobin,M
Zia-uddin,M
Ziad,M
Ziar,M
Ziarmal,M
Ziaud,M
Ziauddin,M
Zidan,M
Zihayr,M
Zihni,M
Zikr,M
Zilal,M
Zill,M
Zillullah,M
Zimr,M
Zayb,F
Zayba,F
Zayda,F
Zayirah,F
Zayna,F
Zaynab,F
Zaynah,F
Zaytoon,F
Zaytoonah,F
Zayyan,F
Zeba,F
Zeeana,F
Zeeb,F
Zeena,F
Zeenaat,F
Zeenah,F
Zeenat,F
Zeeya,F
Zehak,F
Zehba,F
Zehn,F
Zehna,F
Zehra,F
Zeifa,F
Zeinab,F
Zenia,F
Zerada,F
Zerah,F
Zerina,F
Zerlinda,F
aaban,M
aabid,M
aabidah,F
aabirah,F
aabish,F
aadab,F
aadil,M
aadila,F
aaeedah,F
aaeesha,F
aafia,F
aafiya,F
aafreeda,F
aafreen,F
aahil,M
aaidah,F
aairah,F
aakifah,F
aala,F
aalaa,F
aalam,M
aalee,M
aaleyah,F
aalia,F
aalim,M
aalimah,F
aaliyah,F
aamaal,F
aamal,F
aamanee,F
aamil,M
aamilah,F
aaminah,F
aamir,M
aamira,F
aamirah,F
aanifatimahkhatoon,F
aanisah,F
aaqib,M
aaqil,M
aaqilah,F
aara,F
aarif,M
aarifah,F
aariz,M
aaryan,M
aashif,M
aashir,M
aasia,F
aasif,M
aasim,M
aasimah,F
aatif,M
aatifa,F
aatikah,F
aatiqah,F
aatirah,F
aaus,M
aayan,M
aazeen,F
aazim,M
abaan,M
abal,F
abasah,F
abbas,M
abbud,M
abbudin,M
abda,F
abdal,M
abdalala,M
abdel,M
abdelghani,M
abdelhak,M
abdelhamid,M
abdelilah,M
abdelkader,M
abdelkarim,M
abdelkrim,M
abdellah,M
abdellatif,M
abdelmajid,M
abdennour,M
abderrahim,M
abderrahman,M
abdessalam,M
abdessamad,M
abdia,F
abdul,M
abdulaalee,M
abduladheem,M
abduladl,M
abdulafuw,M
abdulahad,M
abdulaleem,M
abdulalim,M
abdulaliyy,M
abdulawwal,M
abdulazeez,M
abdulazim,M
abdulaziz,M
abdulbaaqi,M
abdulbaari,M
abdulbaasit,M
abdulbadee,M
abdulbadi,M
abdulbaith,M
abdulbaqi,M
abdulbari,M
abdulbarr,M
abdulbaseer,M
abdulbasir,M
abdulbasit,U
abdulbatin,M
abduldhahir,M
abdulfattah,M
abdulghafaar,M
abdulghaffar,M
abdulghafoor,M
abdulghafur,M
abdulghani,M
abdulhadi,M
abdulhafeedh,M
abdulhafeez,M
abdulhafiz,M
abdulhakam,M
abdulhakeem,M
abdulhakim,M
abdulhaleem,M
abdulhalim,M
abdulhameed,M
abdulhamid,M
abdulhannan,M
abdulhaq,M
abdulhaqq,M
abdulhaseeb,M
abdulhasib,M
abdulhayy,M
abduljabaar,M
abduljabbar,M
abduljaleel,M
abduljalil,M
abduljawwad,M
abdulkabir,M
abdulkareem,M
abdulkarim,M
abdulkhabir,M
abdulkhaliq,M
abdullah,M
abdullateef,M
abdullatif,M
abdulmaajid,M
abdulmaalik,M
abdulmajeed,M
abdulmajid,M
abdulmalik,M
abdulmani,M
abdulmannan,M
abdulmateen,M
abdulmatin,M
abdulmubdee,M
abdulmubdi,M
abdulmueed,M
abdulmueid,M
abdulmughni,M
abdulmuhaimin,M
abdulmuhaymin,M
abdulmuhsi,M
abdulmuhsin,M
abdulmuhyee,M
abdulmuhyi,M
abdulmuid,M
abdulmuiz,M
abdulmuizz,M
abdulmujeeb,M
abdulmujib,M
abdulmumin,M
abdulmunim,M
abdulmuntaqim,M
abdulmuqaddim,M
abdulmuqeet,M
abdulmuqsit,M
abdulmuqtadir,M
abdulmusawwir,M
abdulmutaal,M
abdulmutaalee,M
abdulmuti,M
abdulmuzanni,M
abdulnafi,M
abdulnaseer,M
abdulnasir,M
abdulnasser,M
abdulnoor,M
abdulnur,M
abdulqaadir,M
abdulqadeer,M
abdulqadir,M
abdulqahaar,M
abdulqahhar,M
abdulqaiyoum,M
abdulqawi,M
abdulqayyum,M
abdulquddus,M
abdulqudoos,M
abdulraafi,M
abdulrabb,M
abdulrafi,M
abdulraheem,M
abdulrahim,M
abdulrahman,M
abdulraqib,M
abdulrasheed,M
abdulrashid,M
abdulrauf,M
abdulrazzaq,M
abdulsabur,M
abdulsalam,M
abdulsamad,M
abdulsami,M
abdulsattar,M
abdulshahid,M
abdulshakur,M
abdultawwab,M
abdulwaajid,M
abdulwaali,M
abdulwadood,M
abdulwadud,M
abdulwahhab,M
abdulwahid,M
abdulwajid,M
abdulwakil,M
abdulwali,M
abdulwaliy,M
abdulwarith,M
abdulwasi,M
abdulzahir,M
abdurraheem,M
abdurrahman,M
abdurraqeeb,M
abdurrasheed,M
abdurrashid,M
abdurrauf,M
abdurrazzaq,M
abdus,M
abdushshahid,M
abdussabour,M
abdussabur,M
abdussalaam,M
abdussamad,M
abdussameei,M
abdussami,M
abdussattar,M
abdusshafi,M
abdusshaheed,M
abdusshakur,M
abdussubbooh,M
abeedah,F
abeela,F
abeer,F
abeera,F
abeerah,F
abia,F
abid,M
abida,F
abidah,F
abidin,M
abir,F
abisali,M
abla,F
ablaa,F
ablah,F
abqurah,F
abra,F
abrad,M
abrar,U
abrash,M
absi,M
abthi,M
abualkhayr,M
abubakr,M
abulhassan,M
abyad,M
abyan,M
abzari,M
achraf,M
ada,F
adab,F
adam,M
adan,M
adara,F
adawi,M
adawiyah,F
adbulqawi,M
adeeb,M
adeeba,F
adeel,M
adeela,F
adeelah,F
adeem,M
adeena,F
adeeva,F
adel,M
adham,M
adheem,M
adib,M
adiba,F
adifaah,F
adil,M
adila,F
adilah,F
adiy,M
adl,M
adla,F
adli,M
adn,F
adnan,M
adnane,M
aduzzahir,M
adyan,M
afaaq,M
afaf,F
afeef,M
afeefa,F
afeerah,F
affan,M
afham,M
afia,F
afif,M
afifa,F
afifah,F
afiq,M
afiyah,F
afizah,F
aflah,M
afnan,F
afra,F
afraa,F
afrah,F
afraz,M
afreen,F
afroza,F
afroze,F
afruz,M
afsa,F
afsana,F
afshan,F
afsheen,F
aftaab,M
aftab,M
afya,F
afzal,M
agharr,M
ahab,M
ahad,M
ahd,F
ahdia,F
ahlam,F
ahmad,M
ahmar,M
ahmed,M
ahnaf,M
ahsan,M
ahwas,M
ahyan,M
ahzab,M
aida,F
aidah,F
aidan,M
aidh,M
aighar,F
aijaz,M
aila,F
aimal,F
aiman,M
aimen,F
ain,F
ainalsaba,F
aini,F
aisha,F
aishah,F
aiya,F
aiyla,F
aiza,F
aizah,F
aizat,M
ajeebah,F
ajer,M
ajib,M
ajlah,M
ajlal,F
ajmal,M
ajradah,F
ajwa,F
akbar,M
akdas,M
akeem,M
akhas,M
akhdan,M
akhfash,M
akhlaq,M
akhtar,M
akia,F
akif,M
akifah,F
akil,M
akilah,F
akleema,F
akmal,M
akram,M
aksel,M
ala,U
alaaldin,M
alabbas,M
aladdin,M
alaia,F
alayna,F
albara,M
aleemah,F
aleena,F
aleesa,F
aleeza,F
alesha,F
alhakam,M
alharith,M
alhasan,M
alhena,F
alhusain,M
alhusayn,M
ali,M
alia,F
aliah,F
alika,F
alim,M
alima,F
alimah,F
alina,F
alishaba,F
alishba,F
aliyah,F
aliyy,M
aliyyah,F
aliza,F
alleyah,F
alma,F
almaas,F
almahdi,M
alman,M
almas,F
almir,M
alraaz,F
alsafi,M
altaf,U
altair,M
altamash,M
altayyib,M
altijani,M
altufail,M
altufayl,M
aludra,F
alvina,F
alya,F
alzahra,F
alzubra,F
amaan,M
amaar,M
amah,F
amal,F
amala,F
amalia,F
amam,M
aman,F
amana,F
amani,F
amany,F
amara,F
amatullah,F
amaya,F
amayr,M
amazigh,M
ambar,F
ambareen,F
amber,F
ambereen,F
ambreen,F
ameen,M
ameena,F
ameenah,F
ameer,M
ameera,F
ameerah,F
amel,F
amelia,F
amena,F
amer,M
amid,M
amilah,F
amima,F
amin,M
amina,F
aminah,F
amine,M
amineh,F
amir,M
amira,F
amirah,F
amjad,U
ammaar,M
ammar,M
ammara,F
ammarah,F
amna,F
amr,M
amra,F
amrah,F
amreen,F
amro,M
amsah,F
amtullah,F
ana,F
anaan,F
anah,F
anam,F
anan,F
anas,M
anasah,M
anass,M
anaum,F
anbar,F
anbarin,F
andaleeb,F
andalib,F
andlib,F
aneeq,M
aneeqa,F
anees,M
aneesa,F
aneesah,F
aneezah,F
angbin,F
anida,F
anika,F
anila,F
aniq,M
anir,U
anis,M
anisa,F
anisah,F
anisha,F
aniya,F
anja,F
anjam,M
anjum,F
anmar,F
annam,F
anniyah,F
anousha,F
ansar,M
antarah,M
anum,F
anwaar,U
anwar,U
anwara,F
anya,F
anzar,M
aqdas,M
aqeel,M
aqeela,F
aqeelah,F
aqeil,M
aqil,M
aqilah,F
aqsa,F
ara,F
aram,F
arbaaz,M
arbab,M
areeb,M
areebah,F
areej,F
areez,M
aresha,F
arfa,F
arfan,M
arham,M
ariana,F
aribah,F
arif,M
arij,F
arish,M
arisha,F
arissa,F
arjumand,F
armaan,M
arman,M
aroob,F
aroosa,F
aroush,F
arqam,M
arsal,M
arsala,F
arsalaan,M
arsh,M
arshad,M
arshaq,M
arslan,M
artah,M
arub,F
arva,F
arwa,F
arya,F
aryan,M
aryisha,F
arzo,F
arzoo,F
arzu,F
asad,M
asadel,M
asalah,F
asar,M
asbagh,M
asbah,F
asbat,M
aseed,M
asfa,F
asfar,M
asfia,F
asfiya,F
asgar,M
asghar,M
ashaath,M
ashadieeyah,F
ashalina,F
ashar,M
ashaz,M
ashbah,F
asheeyana,F
asher,M
ashfaq,M
ashik,M
ashika,F
ashim,M
ashmaan,M
ashmath,M
ashraf,M
ashwaq,F
asif,M
asifa,F
asil,F
asilah,F
asili,F
asim,M
asima,F
asimah,F
asiya,F
asiyah,F
aslam,M
asli,F
asma,F
asmaa,F
asmae,F
asmara,F
asmat,F
asna,F
asra,F
asrar,U
asriyah,F
aswad,M
ata,M
ataa,M
ataallah,M
ataalrahman,M
ataubaq,M
ateeb,M
ateefa,F
ateeqah,F
ateeyah,F
athar,M
athazaz,M
athier,M
athil,M
athilah,F
athir,U
athmah,F
atia,F
atif,M
atifa,F
atifah,F
atik,M
atika,F
atikah,F
atiq,M
atiqah,F
atiya,F
atiyah,F
attiq,M
atyaf,F
awa,F
awad,M
awatif,F
awf,M
awn,M
aws,M
awwab,M
aya,F
ayaan,M
ayaana,F
ayaat,F
ayaaz,M
ayah,F
ayan,F
ayana,F
ayat,F
ayaz,M
aybak,M
aydin,M
ayeh,F
ayesha,F
ayham,M
ayishah,F
aymaan,M
ayman,M
aymane,M
aymen,F
ayoob,M
ayoub,M
ayra,F
ayser,M
aysha,F
ayshah,F
ayub,M
ayyad,M
ayyash,M
ayyoub,M
ayyub,M
aza,M
azaan,M
azab,M
azad,M
azadeh,F
azeem,M
azeemah,F
azeeza,F
azfer,M
azhaar,F
azhar,U
azim,M
aziman,F
aziz,M
aziza,F
azizah,F
azka,F
azlan,M
azma,F
azmat,M
azmina,F
azra,F
azraa,F
azraq,M
azraqi,M
azza,F
azzah,F
azzahra,F
azzam,M
baahir,M
baasim,M
babar,M
baber,M
badi,M
badia,F
badiah,F
badialzaman,M
badiyah,F
badr,M
badra,F
badraldin,M
badre,M
badri,M
badriya,F
badriyah,F
badriyyah,F
baha,U
bahaa,F
bahaaldin,M
bahar,F
baheera,F
bahij,U
bahijah,F
bahir,M
bahira,F
bahirah,F
bahiya,F
bahiyaa,F
bahiyah,F
bahiyyah,F
bahiyyaldin,M
bahriyahalaabidah,F
bakht,F
bakhtawar,F
bakr,M
bakri,M
baligh,M
balqees,F
balqis,F
balsam,F
ban,F
banafsha,F
banan,F
bandar,M
banujah,F
baqar,M
baqir,M
baraaa,F
baraah,F
baraka,F
barakah,U
bareerah,F
bariah,F
barika,F
barir,M
barirah,F
barkat,M
barr,M
barrah,F
barraq,M
barzah,F
basaaria,F
basbas,F
baseema,F
basel,M
basem,M
bashaar,M
bashair,F
bashar,M
basharat,M
basheera,F
bashir,M
bashirah,F
bashshar,M
basil,M
basilah,F
basim,M
basimah,F
basinah,F
basir,M
basma,F
basmah,F
basoos,F
bassam,M
batal,M
batinah,F
batool,F
batrisyia,F
batul,F
bayan,F
bayhas,M
baysan,F
bazaan,M
bazam,M
bazilah,F
beena,F
beenish,F
behzad,M
benazir,F
benzair,F
bilal,M
bilqees,F
bilqis,F
binesh,F
binish,F
birrah,F
bisar,F
bisharah,F
bishr,M
bisma,F
boulos,M
btissam,F
budail,M
budayl,M
budur,F
buhaisah,F
buhaysah,F
buhayyah,F
buhjah,F
buhthah,F
bulhut,M
bunanah,F
buqayrah,F
burak,M
burayd,M
burdah,F
burhaan,M
burhan,M
busayrah,F
bushr,M
bushra,F
bushrah,F
busr,F
busrah,F
buthainah,F
buthayna,F
buthaynah,F
butrus,M
cala,F
cantara,F
chaima,F
chaimaa,F
chaimae,F
chaman,F
chanda,F
chandni,F
daamin,M
daania,F
daanish,M
daanya,F
dabbah,M
dabir,M
dad,F
dafiyah,F
daghfal,M
dahab,F
dahma,F
dakhil,M
dalal,F
daleela,F
daliya,F
daliyah,F
dameer,M
damurah,M
daneen,F
dani,M
daniel,M
danish,M
daniya,F
daniyah,F
daniyal,M
darakhshaan,F
darakhshan,F
daria,F
darim,M
darwish,M
daud,M
dawid,M
dawlah,M
dawlatkhatoon,F
dawoud,M
dawud,M
dayyan,M
dean,M
deeba,F
deema,F
deen,M
dema,F
dhakir,M
dhakirah,F
dhakiy,M
dhakiyah,F
dhakwan,M
dhiya,M
dhuha,F
dhuka,F
dhulfiqar,M
dilawar,M
dildar,M
dilshadkhatoon,F
dimah,F
dina,F
dinar,M
diqrah,F
dirar,M
diya,M
diyaaldin,M
diyanah,F
diyari,M
dizhwar,M
doaa,F
doha,F
douaa,F
douae,F
driss,M
dua,F
duaa,F
dubaah,F
duha,U
dujanah,F
dunia,F
dunya,F
dunyana,F
duqaq,M
durar,F
durdanah,F
durrah,F
durriyah,F
ehan,M
ehsaas,M
ehsan,M
eijaz,M
eiliyah,F
eimaan,F
eiman,F
eisa,M
ejaz,M
elamin,M
elias,M
eliza,F
elma,F
eman,F
emran,M
enisa,F
eraj,F
erina,F
ermina,F
erum,F
eshaal,F
eshal,F
eshmaal,F
ezzah,F
faaiz,M
faakhir,M
faaris,M
faaz,M
fadeelah,F
fadheela,F
fadi,M
fadil,M
fadila,F
fadilah,F
fadiyah,F
fadl,M
fadlallah,M
fadwa,F
fadwah,F
fadyaa,F
faeezah,F
faekah,F
faeq,M
fahad,M
fahada,F
fahd,M
fahdah,F
faheem,M
faheemah,F
fahim,M
fahima,F
fahimah,F
fahmi,M
fahmida,F
fahyim,M
faiha,F
faik,M
faiq,M
faiqa,F
faiqah,F
fairuzah,F
faisal,M
faiyaz,M
faiz,M
faiza,F
faizaan,M
faizah,F
faizan,M
fajaruddin,M
fajer,M
fajr,F
fakeeh,M
fakeehah,F
fakhir,M
fakhirah,F
fakhr,M
fakhra,F
fakhraldin,M
fakhri,M
fakhriyah,F
fakhrul,M
fakhry,M
fakhtah,F
fakih,M
fakihah,F
falah,M
falak,F
falaknaz,F
falaq,F
falih,M
falisha,F
famya,F
fanan,F
faqeeh,M
faqirah,F
fara,F
farafisa,M
farah,F
faraj,M
farasat,M
faraz,M
faraza,F
fardeen,M
fareed,M
fareeda,F
fareedah,F
fareeha,F
fareeq,M
farees,M
fareess,F
farha,F
farhah,F
farhan,M
farhana,F
farhanah,F
farhat,F
farheen,F
farhiya,F
faria,F
fariah,F
farid,M
farida,F
faridah,F
fariha,F
farihah,F
fariq,M
faris,M
farisha,F
fariza,F
farizah,F
farkhandah,F
farooq,M
farouk,M
farqad,F
farraj,M
farrukh,M
faruq,M
farwa,F
farwah,F
faryal,F
faryat,F
farzana,F
farzeen,F
fasahat,M
faseeh,M
faseehah,F
faseelah,F
fateen,M
fateenah,F
fateh,M
fath,M
fatheha,F
fathi,U
fathima,F
fathiya,F
fathiyah,F
fatih,M
fatiha,F
fatihah,F
fatik,M
fatim,F
fatima,F
fatima ezzahra,F
fatima-ezzahra,F
fatimah,F
fatimazahra,F
fatin,U
fatinah,F
fatma,F
fattah,M
fauzia,F
fawad,M
fawwaz,M
fawz,U
fawza,F
fawzah,F
fawzan,M
fawzi,M
fawzia,F
fawziya,F
fawziyah,F
fawziyyah,F
fayaaz,M
fayd,M
fayek,M
fayha,F
fayruz,F
faysal,M
fayyad,M
fayzan,M
fazal,M
fazan,M
fazia,F
fazluna,F
fazzilet,F
feerozah,F
feiyaz,F
fellah,F
femida,F
feroz,M
ferran,M
fida,U
fiddah,U
fidyan,M
fikri,M
fikriya,F
fikriyah,F
fir,F
firas,M
firdaus,F
firdaws,F
firdoos,F
firdous,F
firdowsa,F
firoz,M
firyal,F
fiza,F
fizan,M
forhana,F
fouad,M
fozia,F
foziah,F
fuad,M
fudail,M
fudayl,F
fujai,M
furat,F
furayah,F
furozh,M
fusaylah,F
fuseelah,F
futun,F
fuwad,M
fuzail,M
gamal,M
gamali,M
gazala,F
ghaada,F
ghaaliya,F
ghadah,F
ghadir,F
ghaith,M
ghali,M
ghalib,M
ghalibah,F
ghaliyah,F
ghaneemah,F
ghanem,M
ghania,F
ghanim,M
ghaniyah,F
ghannam,M
gharam,F
ghareebah,F
ghasaan,M
ghassan,M
ghauth,M
ghawth,M
ghayda,F
ghaydaa,F
ghayoor,M
ghayth,M
ghazal,F
ghazala,F
ghazalah,F
ghazalan,M
ghazanfar,M
ghazawan,M
ghazi,M
ghaziyah,F
ghazwan,M
ghazzal,M
ghita,F
ghitbah,F
ghiyath,M
ghizlan,F
ghizlane,F
ghufayrah,F
ghufran,U
ghulam,M
ghumaysa,F
ghunayn,M
ghunwah,F
ghunyah,F
ghusharib,M
ghusoon,F
ghusun,U
ghutayf,M
ghuzayyah,F
gohar,M
gulab,M
gulbano,F
gulerana,F
gulfam,M
gulshan,M
gulzar,M
haadee,M
haadiya,F
haajar,F
haala,F
haaris,M
haashir,M
haaziq,M
hababah,F
habbab,M
habeeba,F
habeebullah,M
habib,M
habiba,F
habibah,F
habis,M
haboos,F
hadad,M
haddad,M
hadee,M
hadeel,F
hadeeqa,F
hadeeqah,F
hadhirah,F
hadi,M
hadid,M
hadil,F
hadiya,F
hadiyah,F
hadiyyah,F
hafa,F
hafeezah,F
hafid,M
hafiz,M
hafizah,F
hafs,M
hafsa,F
hafsa/ucha,F
hafsah,F
hafthah,F
haider,M
haifa,F
haikal,M
haitham,M
haiza,F
hajar,F
haji,M
hajib,M
hajjah,F
hajjaj,M
hajna,F
hajrah,F
hakeem,M
hakem,M
hakim,M
hakimah,F
hala,F
halah,F
haleef,M
haleem,M
haleema,F
halim,M
halima,F
halimah,F
hallaj,M
halwani,M
hamal,M
hamamah,F
hamas,M
hamd,M
hamdan,M
hamdhy,M
hamdi,M
hamdiyah,F
hameeda,F
hameem,M
hami,M
hamid,M
hamidah,F
hamim,M
hammad,M
hammam,M
hamnah,F
hamood,M
hamra,F
hamza,M
hamzah,M
hana,U
hanai,M
hanan,F
hanash,M
hanbal,M
haneef,M
haneefa,F
haneefah,F
hanfa,F
hani,M
haniah,F
hanif,M
hanifa,F
hanifah,U
hanin,F
haniya,F
haniyah,F
haniyyah,F
hannad,M
hannah,F
hannan,F
haq,M
hareem,F
haris,M
harisah,M
harith,M
haroon,M
haroun,M
harun,M
hasan,M
haseeb,M
haseen,M
haseena,F
hasham,M
hashid,M
hashim,M
hashir,M
hashmat,M
hasib,M
hasibah,F
hasinah,F
hasna,F
hasnah,F
hasnain,M
hassan,M
hatib,M
hatim,M
hawa,F
hawadah,F
hawazin,F
hawra,F
hawshab,M
hawwa,F
hayaam,F
hayaat,M
hayah,F
hayam,F
hayat,F
haydar,M
hayder,M
hayed,F
hayfa,F
hayrah,F
haytham,M
hayud,F
hayyam,M
hayyan,M
hazar,F
hazim,M
hazimah,F
haziq,M
haziqah,F
hazirah,F
heba,F
heela,F
hena,F
henna,F
hesam,M
hessa,F
heyam,F
hiba,F
hibah,U
hibatallah,F
hibatullah,F
hibba,F
hibbaan,M
hibbah,F
hicham,M
hichame,M
hidayah,F
hidayat,M
hidiyah,F
hifza,F
hijab,F
hijrah,F
hikmah,F
hikmat,F
hilal,M
hilel,M
hilmi,M
hilwana,F
himayat,M
hind,F
hindah,F
hira,F
hirah,F
hisham,M
hissan,M
hiyam,F
hoda,F
hodan,F
hooda,F
hooman,M
hoor,F
hooria,F
hooriya,F
hooriyah,F
horia,F
hosaam,M
houd,M
houda,M
hubaab,M
hubab,F
hubayshah,F
hubba,F
hud,M
huda,F
hudad,M
hudhafah,M
hudhaifah,M
hudhayfah,M
hudun,F
hujaymah,F
hujayrah,F
hujayyah,M
hujjat,M
hukaymah,F
hulyah,F
huma,F
humaid,M
humair,M
humaira,F
humairah,F
humam,M
humaydah,F
humayl,M
humayrah,F
humayun,M
humd,M
humera,F
humra,F
humza,M
hunaidah,F
hunaydah,F
hur,F
hurairah,M
hurayth,M
huriyah,F
huriyyah,F
hurmat,M
hurrah,M
hurya,F
husain,M
husam,M
husamaldin,M
husayn,M
husn,F
husna,F
husni,M
husniya,F
husniyah,F
hussain,M
hussein,M
huthayfa,M
hutun,F
huwaidah,F
huwaydah,F
huzaifah,M
huzayfah,M
huzayl,M
iba,F
ibaad,M
ibadah,F
ibn,M
ibrahim,M
ibthaj,F
ibtihaaj,F
ibtihaj,F
ibtihal,F
ibtisam,F
ibtissam,F
id,M
idhar,F
idris,M
idriss,M
iffah,F
iffat,F
ifra,F
iftikar,F
iftikhar,U
iftin,F
ifza,F
ihab,M
ihsan,M
ihtesham,M
ihtiram,M
ihtisham,M
ihtsham,M
ijabo,F
ijaz,U
ijlal,F
ijli,M
ikhlas,F
ikraam,F
ikram,F
ikramiya,F
ikrimah,M
ilaaf,F
ilan,M
ilhaam,F
ilham,F
ilhan,F
ilias,M
ilifat,M
ilm,F
ilmeeyat,F
ilyas,M
ilyass,M
imaad,M
imaan,M
imad,M
imadaldin,M
imam,M
iman,F
imane,F
imani,F
imran,M
imsaal,F
imthithal,F
imtiaz,M
imtihal,F
imtithal,F
imtiyaz,M
inaam,U
inaaya,F
inam,U
inan,F
inas,F
inaya,F
inayah,F
inayat,U
inga,F
iniat,M
insaf,U
insha,F
intaj,M
intessar,F
intikhab,M
intisaar,F
intisar,F
intizar,M
iqbal,M
iqra,F
iqraam,M
iqrit,M
iqtidar,M
iraj,F
iram,F
irem,F
irfan,M
irsa,F
irum,F
isa,U
isad,F
isaf,F
isam,M
isar,F
isbah,F
isha,F
ishaal,F
ishaq,M
ishfaq,F
ishraq,F
ishrat,M
ishtiyaq,M
isir,F
iskandar,M
islam,M
isma,F
ismael,M
ismah,U
ismail,M
ismat,F
isra,F
israr,M
issam,M
issar,M
istabraq,F
istakhri,M
istilah,F
itab,F
itaf,F
ithaar,M
ithar,F
itidal,F
itimad,U
iyaad,M
iyaas,M
iyad,M
iyas,M
izaan,M
izdihaar,F
izdihar,F
izma,F
izyan,M
izz,M
izzah,F
izzah(izzat),F
izzaldin,M
izzannisa,F
izzat,M
jaan,M
jabalah,U
jabbar,M
jabeen,F
jabir,M
jabirah,F
jabr,M
jabrayah,F
jad,M
jada,F
jadallah,M
jadwa,F
jafar,M
jaffer,M
jahaan,F
jahan,F
jahanaara,F
jahanara,F
jahangir,M
jahankhatoon,F
jahanzeb,M
jahdamah,F
jahdami,M
jahdari,M
jahida,F
jahiz,M
jahm,M
jahmyyllah,F
jaiyana,F
jal,M
jala,F
jalal,M
jalalaldin,M
jaleel,M
jalees,M
jalil,M
jalilah,F
jamal,M
jamalaldin,M
jameel,M
jameela,F
jameelah,F
jameena,F
jamesha,M
jamia,F
jamil,M
jamila,F
jamilah,F
jammana,F
jan,M
jana,F
janaan,F
janan,F
jannah,F
jannat,F
jaraah,M
jareer,M
jari,M
jarir,M
jariyah,M
jarood,M
jarrar,M
jaseena,F
jasim,M
jasmin,F
jasmina,F
jasmir,M
jasrah,F
jauhar,M
jaul,M
jaun,M
javairea,F
javed,M
javeed,M
javier,M
jawa,F
jawad,M
jawahir,F
jawdah,M
jawdan,M
jawhar,M
jawharah,F
jawl,F
jawna,F
jaza,F
jazeera,F
jazib,M
jazira,F
jaziya,F
jazlaan,M
jeelan,M
jehaan,F
jehan,F
jemimah,F
jenna,F
jennah,F
jessenia,F
jian,F
jibran,M
jibril,M
jihad,M
jihan,F
jilan,F
jinan,F
jiyad,M
johara,F
juayl,M
jubair,M
jubayr,M
jud,F
judamah,F
judi,F
juhainah,F
juhanah,F
juhaym,M
juhaynah,F
jul,M
juma,M
jumaana,F
jumah,M
juman,F
jumanah,U
jumaymah,F
jumaynah,F
jummal,M
jumuah,M
jun,F
junah,F
junaid,M
junainah,F
junayd,M
jundub,M
junnut,F
juthamah,M
juwain,M
juwairiyah,F
juwan,F
juwariyah,F
juwayn,M
juwayriyah,F
kaamil,M
kaashif,M
kabeer,M
kabir,M
kabirah,F
kadar,M
kadeen,M
kadeer,M
kadin,M
kadir,M
kadshah,F
kafeel,M
kaheesha,F
kahil,M
kainat,F
kaiser,M
kajji,M
kalbi,M
kaleem,M
kaleema,M
kaleemah,F
kali,F
kalil,M
kalila,F
kalima,F
kaliq,M
kalsoom,F
kaltham,F
kamal,M
kamaliyah,F
kameel,M
kamil,M
kamilah,F
kamran,M
kaneez,F
kanval,F
kanwal,F
kanz,F
kanza,F
kanzah,F
kaoutar,F
karam,U
karawan,F
kardal,M
kardawiyah,F
kareef,M
kareem,M
kareema,F
karida,F
karif,M
karim,M
karima,F
karimah,F
kas,F
kasam,M
kaseeb,M
kaseem,M
kashan,M
kashif,M
kashifah,F
kashish,F
kasib,M
kasim,M
kateb,M
kathirah,F
katib,M
kaukab,F
kausar,F
kawakib,F
kawkab,U
kawtar,F
kawthar,U
kayan,F
kaysah,F
kaysan,M
kazi,M
kazim,M
kedar,M
kehara,F
kehkashan,F
kenza,F
keyaan,M
khadeeja,F
khadija,F
khadijah,F
khadim,M
khadra,F
khafid,M
khairah,F
khairaldin,M
khairi,M
khairiya,F
khairy,M
khalaf,M
khalam,M
khaldoon,M
khaldun,M
khaled,M
khaleed,M
khaleel,M
khaleeq,M
khalid,M
khalida,F
khalidah,F
khalifah,M
khalil,M
khalilah,F
khalilalallah,M
khalis,M
khalisah,F
khallad,M
khansa,F
kharijah,M
kharqa,F
khasib,M
khateeb,M
khatera,F
khatib,M
khatira,F
khatoon,F
khawar,M
khawlah,F
khayaam,M
khayr,M
khayrah,F
khayri,M
khayriyah,F
khayriyyah,F
khayyat,M
khazanah,F
khazin,M
khidash,M
khidr,M
khidrah,F
khirash,M
khitam,F
khoury,M
khubaib,M
khubayb,M
khudrah,F
khulaybah,F
khulayd,M
khulood,F
khulud,F
khulus,M
khunays,M
khuram,M
khuraymah,M
khurram,M
khursheed,M
khurshid,M
khusbakht,F
khushbakht,M
khushtar,M
khuwaylah,F
khuzaimah,M
khuzama,F
khuzamah,F
khuzaymah,M
kifah,F
kifayat,M
kinza,M
kishwar,M
kiswar,F
koila,F
komal,F
komila,F
kuaybah,F
kuhaylah,F
kulthoom,F
kulthum,F
kulus,F
kunza,F
kuratulain,F
kurayb,M
kutaiba,M
kuwaysah,F
kwairah,F
kyda,F
laaibah,F
laaiqah,F
labeeb,M
labeebah,F
labib,M
labibah,F
lablab,M
lahiah,M
laiba,F
laila,F
laiq,M
laiqa,F
laith,M
lajlaj,M
lama,F
lamah,F
lamees,F
lamia,F
lamiae,F
lamiah,F
lamis,F
lamisa,F
lamisah,F
lamiya,F
lamya,F
lana,F
lanika,F
laqeet,M
laraib,F
lashirah,F
lateef,M
lateefa,F
latif,M
latifa,F
latifah,F
layali,F
layan,F
layla,F
layth,M
layyah,F
lazim,F
leem,F
leen,F
leena,F
leila,F
leilah,F
leyla,F
liba,F
liban,M
limazah,M
lina,F
linah,F
liyana,F
liyaqat,M
loubna,F
luay,M
lubaaba,F
lubab,F
lubabah,F
lubaid,M
luban,F
lubanah,F
lubayd,M
lubena,F
lublubah,F
lubna,F
luja,F
lujain,F
lujaina,F
lujayn,F
lulu,F
luluah,F
lulwa,F
luma,F
luna,F
lunah,F
luqman,M
lut,M
lutf,M
lutfi,M
lutfiyah,F
maab,F
maahnoor,F
maali,F
maassama,F
maaz,M
mabad,M
mad,M
mada,F
madani,M
madaniyah,F
madeeha,F
madhat,F
madhia,F
madia,F
madiha,F
madihah,F
madiyan,M
madyan,M
maha,F
mahabbah,F
mahad,M
mahasin,F
mahaz,M
mahbasah,F
mahbeer,M
mahbub,M
mahbubah,F
mahd,M
mahdi,M
mahdiya,F
mahdiyah,F
maheen,F
maheera,F
mahek,F
maher,M
mahfuj,M
mahfuz,M
mahfuzah,F
mahibah,F
mahir,M
mahirah,F
mahja,M
mahjabeen,F
mahjub,M
mahmoud,M
mahmud,M
mahneera,F
mahneerah,F
mahnoor,F
mahreen,F
mahrosh,F
mahrukh,F
mahrus,M
mahtob,F
mahum,F
mahveen,F
mahvish,F
mahwish,F
mahwush,F
maida,F
maimoona,F
maimun,M
main,M
maira,F
mais,F
maisa,F
maisah,F
maisarah,F
maisha,F
maizah,F
majd,M
majdaldin,M
majdi,M
majdy,M
majid,M
majida,F
majidah,F
makaarim,F
makarim,F
makhdoom,M
makhtooma,F
makhtoonah,F
makin,M
makki,M
makkiyah,F
maladh,F
malaika,F
malaikah,F
malak,F
malakah,F
malayeka,F
maleehah,F
malih,M
maliha,F
malik,M
malika,F
malikah,F
malmal,F
mamdouh,M
mamduh,M
mamoon,M
mamun,M
man,M
manaal,F
manaar,F
manab,F
manahel,F
manahil,F
manal,F
manar,F
mandhur,M
manfoosah,F
manha,F
manhalah,F
mansoor,M
mansur,M
mansurah,F
manzar,M
manzoor,M
maqbool,M
maqboolah,F
maqil,M
maraam,F
marah,F
maram,F
mardhiah,F
marghoob,M
marghub,M
marhabah,F
maria,F
mariam,F
marid,M
maridah,F
mariya,F
mariyah,F
marjanah,F
marnia,F
marouane,M
marudeen.,M
maruf,M
marwa,F
marwah,F
marwan,M
maryam,F
maryum,F
marzuq,M
marzuqah,F
masabeeh,F
masahir,F
masarrah,F
masarrat,M
mashaal,F
mashal,U
mashel,F
mashhood,M
mashhud,M
mashhur,M
mashkoor,M
mashoodah,F
masood,M
masooma,F
masoomah,F
masoud,M
masouda,F
masroor,M
masrur,M
massin,M
massinissa,M
mastura,F
masud,M
masudah,F
masum,M
masumah,F
masun,M
mateen,M
mateenah,F
matloob,M
mawaddah,F
mawahib,F
mawara,F
mawiya,F
mawiyah,F
mawsil,M
may,F
maya,F
mayameen,F
mayeda,F
maymun,M
maymunah,F
mays,F
maysa,F
maysaa,F
maysam,F
maysan,F
maysarah,U
maysoon,F
maysun,F
mayyada,F
mayyadah,F
mayyasah,F
mazhar,M
mazin,M
maznah,F
mazneen,F
medina,F
meem,F
meena,F
mehak,F
mehboob,M
mehdi,M
mehek,F
meher,F
meheroon,F
meherunissa,F
mehjabeen,F
mehmuda,F
mehnaz,F
mehndi,F
mehnoor,F
mehr,F
mehreen,F
mehriban,F
mehrish,F
mehrnaz,F
mehrunisa,F
mehtab,M
mehvesh,F
mehvish,F
mehwish,F
mekka,M
memoona,F
menaal,F
mensur,M
mersiha,F
meryem,F
mevish,F
meymona,F
mhamed,M
midhaa,F
midhah,F
miftah,M
mihran,M
mihyar,M
mika,M
mikail,M
mimar,M
mina,F
minaal,F
minal,F
minhaj,M
minnah,F
miqdad,M
mirah,F
miraj,M
mirsab,M
misba,F
misbah,M
misha,F
mishaal,M
mishael,F
mishal,M
mishall,F
mishel,F
miskeen,M
miskeenah,F
mistah,M
miyaz,M
moad,M
moazzam,M
mobeen,M
mobena,F
moeenuddin,M
moeez,M
moemen,M
mohaddisa,F
mohamed,M
mohammad,M
mohammed,M
mohga,F
mohid,M
mohsin,M
mohsina,F
mokbul,M
momina,F
mona,F
monera,F
moosa,M
mostafa,M
motasim,M
motaz,M
mouad,M
mouna,F
mounia,F
mounir,M
mounira,F
mourad,M
muadh,M
muafa,M
mualla,M
muallim,M
muammar,M
muammer,M
muawiyah,M
muawwiz,M
muayyad,M
muazah,F
muazzaz,F
muballigh,M
mubarak,M
mubarakah,F
mubaraq,M
mubashir,M
mubashirah,F
mubassir,M
mubassirah,F
mubeen,M
mubeenah,F
mubid,M
mubin,U
mudabbir,M
mudar,M
mudasir,M
mudasser,M
muddaththir,M
mueen,M
mueez,M
mufaddal,M
mufakkir,M
mufallah,M
mufeed,M
mufeeda,F
mufiah,F
mufid,M
mufidah,F
muflih,M
mufti,M
mughith,M
muhab,M
muhafiz,M
muhaimin,M
muhair,M
muhajir,M
muhammad,M
muhanna,M
muhannad,M
muhanned,M
muharrem,M
muhayr,M
muhdee,M
muheet,M
muhib,M
muhibb,M
muhibbah,F
muhja,F
muhjah,F
muhriz,M
muhsin,M
muhsinah,F
muhtadi,M
muhtashim,M
muhyialdin,M
muin,M
muinuddeen,M
muiz,M
muizz,M
muizza,F
mujab,M
mujaddid,M
mujahid,M
mujazziz,M
mujeeb,M
mujibur,M
mujtaba,M
mukarram,U
mukhlis,M
mukhlisah,F
mukhtar,M
mukthadir,M
mulayl,M
mulham,M
mulhim,M
mumayyaz,F
mumin,M
mumina,F
muminah,F
mummar,M
mumtaz,M
muna,F
munaf,M
munahid,M
munawar,F
munawwar,U
munazzah,F
mundhir,M
muneeb,M
muneeba,F
muneer,M
muneera,F
muneerah,F
munerah,F
muneza,F
munib,M
muniba,F
munif,M
munir,M
munira,F
munirah,F
munis,M
munisa,F
munisah,F
munize,F
munjid,M
munkadir,M
munqad,M
munsif,M
muntaha,F
muntasir,M
muntazir,M
munzir,M
muqadaas,F
muqaddas,M
muqatadir,M
muqbalah,F
muqbil,M
muqtasid,M
murabbi,M
murad,M
murdiyyah,F
murjanah,F
mursal,M
murshid,M
murshidah,F
murtaad,M
murtada,M
murtadaa,M
murtadhy,M
murtadi,M
murtaza,M
muruj,F
musa,M
musab,M
musad,M
musaddiq,M
musaddiqah,F
musaid,M
musaykah,F
museeb,M
musharraf,M
musheer,M
musheera,F
mushfiq,M
mushir,M
mushira,F
mushirah,F
mushtaq,M
muskaan,F
muskan,F
muslih,M
muslim,M
muslimah,F
musn,F
musnah,F
mussah,F
mussaret,F
mussarrat,M
mustaeen,M
mustaeenah,F
mustafa,M
mustafeed,M
mustahsan,M
mustajab,M
mustakim,M
mustaneer,M
mustaqeem,M
mustatab,M
muta,M
mutahharah,F
mutahhir,M
mutashim,M
mutasim,M
mutawalli,M
mutawassit,M
mutayyib,M
mutazah,F
mutazz,M
muthanna,M
muti,M
muttaqi,M
muttee,M
muwaffaq,M
muyassar,U
muzaffar,M
muzakkir,M
muzammil,M
muzaynah,F
muzhir,M
muznah,F
muzzammil,M
myiesha,F
myreen,F
mysha,F
naadir,M
naailah,F
naairah,F
naajidah,F
naazneen,F
naba,F
nabeeha,F
nabeel,M
nabeela,F
nabeelah,F
nabhan,M
nabigh,M
nabighah,M
nabih,M
nabiha,F
nabihah,F
nabijah,F
nabil,M
nabila,F
nabilah,F
nada,F
nadeeda,F
nadeem,M
nadeen,F
nadesh,F
nadhir,M
nadia,F
nadidah,F
nadim,M
nadimah,F
nadir,M
nadira,F
nadirah,F
nadiyah,F
nadr,M
nadra,F
nadwa,F
nadwah,F
nadyne,F
naeem,M
naeema,F
naeemah,F
nafasat,M
nafees,M
nafeesa,F
nafeesah,F
nafesa,F
nafi,M
nafiah,F
nafis,M
nafisah,F
naflah,F
nageen,F
nageenah,F
nagheen,F
nagina,F
nahal,F
naheed,F
naheeda,F
nahid,U
nahida,F
nahidah,F
nahla,F
nahlah,F
nahleejah,F
naib,M
naif,M
naifah,F
nail,M
naila,F
nailah,F
naim,M
naima,F
naimah,F
nain,F
naina,F
najaah,F
najaf,F
najah,F
najair,M
najam,M
najat,F
najate,F
najdah,F
najeeb,M
najeeba,F
najeed,M
naji,M
najib,M
najibah,F
najid,M
najidah,F
najih,M
najihah,F
najiyah,F
najjar,M
najla,F
najm,M
najma,F
najmah,F
najmaldin,M
najmiyyah,F
najwa,F
najya,F
nakhat,F
nakia,F
naman,M
namar,F
nameer,M
namik,M
namir,M
namra,F
namyla,F
naqeeb,M
naqeebah,F
naqi,M
naqid,M
naqqaash,M
naraiman,F
nargis,F
narjis,F
narmin,F
naseef,M
naseeka,F
naseem,M
naseemah,F
naseer,M
naseerah,F
nasha,F
nashah,M
nashat,M
nasheed,F
nasheelah,F
nashema,F
nashida,F
nashirah,F
nashit,M
nashita,F
nashitah,F
nashmia,F
nashwa,F
nashwan,M
nasib,M
nasif,M
nasifah,F
nasih,M
nasiha,F
nasihah,F
nasim,U
nasimah,F
nasir,M
nasira,F
nasirah,F
nasiraldin,M
nasmah,F
nasmi,M
nasr,M
nasra,F
nasreen,F
nasri,M
nasrin,F
nasrullah,F
nasser,M
nasuh,M
natara,F
natasha,F
nathifa,F
natiq,M
naureen,F
naurus,F
naushaba,F
naushad,M
nausheen,F
naushin,F
naveda,F
naveed,M
naveen,F
navid,M
navil,F
nawaf,M
nawal,F
nawar,F
nawaz,M
naweed,F
nawel,F
nawfal,M
nawlah,F
nawrah,F
nawwaf,M
nawwal,F
nawwar,F
nayab,M
nayif,M
nayila,F
nayyab,F
nayyirah,F
nazaaha,F
nazahah,F
nazakat,M
nazanin,F
nazar,M
nazeef,M
nazeefah,F
nazeeh,M
nazeeha,F
nazeem,M
nazeer,M
nazeera,F
nazeerah,F
nazia,F
nazih,M
nazihah,F
nazim,M
nazimah,F
nazindah,F
nazir,M
nazirah,F
nazish,F
nazli,F
nazma,F
nazmi,M
nazmin,F
nazneen,F
nazraana,F
nazuk,F
neelam,F
neelofer,F
neeshad,F
neeya,F
neha,F
nehan,M
nejat,F
nelam,F
nelofar,F
nesrin,F
nevaeh,F
nibaal,F
nibal,F
nibras,U
nida,F
nidaa,F
nidal,M
nidda,F
nigar,F
nighat,F
nihad,F
nihal,U
nija,F
nijad,M
nijah,F
nilofar,F
nilofer,F
nimaat,F
nimah,F
nimat,F
nimerah,F
nimr,M
nimra,F
nimrah,F
nina,F
nisa,F
nisha,F
nishaaj,M
nishat,F
nisreen,F
nisrin,F
nisrine,F
nissa,F
nithar,M
niyaf,F
niyaz,M
nizam,M
nizar,M
nizzar,M
nojood,F
noman,M
nooh,M
noor,U
noorah,F
nooralhaya,F
noorali,M
noori,M
noorie,F
nooriya,F
noorjahan,F
noorjehan,F
noorulann,F
nora,F
norah,F
noraiz,M
noreen,F
norhan,F
noriza,F
noshaba,F
nosheen,F
nouf,F
nour,U
nourdine,M
noureddine,M
noureen,F
nuaim,M
nuaym,M
nuaymah,F
nubaid,M
nudar,F
nudbah,F
nudhar,F
nudrat,F
nuh,M
nuha,F
nuhaa,F
nuhaid,M
nuhayd,M
nujud,F
numa,F
numair,M
numan,M
nunah,F
nur,U
nura,F
nurah,F
nuraldin,M
nuralhuda,F
nurayda,F
nuraz,M
nurdeen,M
nurfirdaus,M
nuri,M
nuriya,F
nuriyah,F
nurjenna,F
nurulqiblatayn,M
nuryn,F
nusaibah,F
nusayb,M
nusaybah,F
nusayr,M
nusrah,U
nusrat,U
nuwairah,F
nuwayla,F
nuwaylah,F
nuwayrah,F
nuwwar,F
nuwwarrah,F
nuzhah,F
nuzhat,F
nyasia,F
nyla,F
obaid,M
ojala,F
omair,M
omar,M
omera,F
osama,M
ossama,M
othman,M
othmane,M
oumaima,F
oumayma,F
oussama,M
owais,M
pakeezah,F
parinda,F
pariza,F
parsa,M
parveen,F
parvez,M
parvina,F
pervaiz,M
qaadir,M
qabalah,F
qabeel,M
qabilah,F
qabool,F
qadar,M
qadeer,M
qadi,M
qadim,M
qadr,F
qadriyah,F
qadriyyah,F
qahtan,M
qailah,F
qaim,M
qais,M
qamar,U
qamayr,F
qameer,F
qani,M
qaniah,F
qanit,M
qaraah,F
qarasafahl,F
qareeb,M
qareebah,F
qaseem,M
qasid,M
qasif,M
qasim,M
qasoomah,F
qatadah,M
qawee,M
qaylah,F
qaymayriyah,F
qays,M
qaysar,F
qindeel,F
qirat,F
qisaf,F
qismah,F
qiyyama,F
quadir,M
quadriyyah,F
qubilah,F
qudamah,M
quddusiyyah,F
qudoos,M
qudsiyah,F
quraybah,F
qurban,M
qurratulain,F
qurratulayn,F
qusay,M
qutaibah,M
qutaybah,M
qutaylah,F
qutayyah,F
qutb,M
qutuz,M
raahil,M
raaida,F
raameen,F
raamis,M
raamiz,M
raashid,M
raawiya,F
rabab,F
rabah,M
rabail,F
rabar,M
rabbani,M
rabbiya,F
rabee,M
rabeea,F
rabi,M
rabia,F
rabiah,U
rabit,M
rabitah,F
rabiya,F
rabiyah,F
rachid,M
rachida,F
radeyah,F
radhia,F
radhiya,F
radhwaa,F
radi,M
radiyah,F
radwa,F
raees,M
raeesah,F
rafa,F
rafah,F
rafal,F
rafan,M
rafat,F
rafay,M
rafee,M
rafeek,M
rafeeqah,F
rafi,M
rafia,F
rafiah,F
rafid,M
rafida,F
rafidah,F
rafif,F
rafik,M
rafiq,M
rafiqah,F
raghad,F
raghda,F
ragheb,M
raghib,M
raghibah,F
raghid,M
raghidah,F
raha,F
rahaf,F
rahat,M
raheel,M
raheemah,F
raheesh,M
rahil,M
rahila,F
rahilah,F
rahim,M
rahimah,F
rahiq,F
rahma,F
rahmaa,F
rahmah,F
rahman,M
rahmat,M
raid,M
raidah,F
raif,M
raifah,F
raihan,M
raihana,F
raima,F
raina,F
raiqah,F
rais,M
raitah,F
raiyan,M
raja,U
rajaa,M
rajab,M
raji,M
rajih,M
rajiyah,F
rakeem,M
rakhshan,M
rakin,M
ramadan,M
rameen,F
rameesha,F
rameez,M
rami,M
ramia,F
ramidha,F
ramih,M
ramin,M
ramisa,F
ramiz,M
ramlah,F
ramsha,F
ramzi,M
ramzia,F
ramziyah,F
rana,F
rand,F
randa,F
raneem,F
rani,U
rania,F
ranim,F
raniya,F
raniyah,F
ranya,F
raonar,M
raquib,M
raseem,M
rasha,F
rashad,U
rashdan,M
rasheed,M
rasheeda,F
rasheedah,F
rashid,M
rashida,F
rashidah,F
rasil,M
rasin,M
rasmi,M
rasmiyah,F
rasool,M
rasul,M
ratib,M
raudzah,F
rauf,M
rawah,F
rawahah,M
rawdah,U
rawdha,F
rawh,M
rawhah,F
rawhiyah,F
rawiah,F
rayan,M
rayane,U
rayann,F
rayees,M
rayhaan,M
rayhan,M
rayhanah,F
rayn,M
rayna,F
rayya,F
rayyaa,F
rayyan,M
raza,M
razaan,F
razaana,F
razaanah,F
razam,M
razan,F
razeen,M
razia,F
razin,M
reda,M
reeha,F
reeham,F
reem,F
reema,F
reena,F
reham,F
rehan,M
rehana,F
rehemat,F
rehma,M
rehmatullah,M
reja,F
reshma,F
reyah,F
reyhana,F
reza,M
riaz,M
rida,U
ridha,M
ridwan,M
rifaah,M
rifaat,F
rifat,F
rifaya,F
riffat,F
rihab,U
riham,F
rihana,F
rija,F
rijja,F
rim,F
rima,F
rime,F
rimsha,F
rinaaz,F
risay,M
riyad,M
riyadh,M
riyasat,M
rizq,M
rizqin,F
rizwan,M
rizwana,F
robeel,M
robina,F
roha,F
rohaan,F
rohail,M
roma,F
romana,F
romeesa,F
rona,F
roshan,M
roshini,F
roshni,F
roushana,F
rowel,M
rua,F
ruaa,F
rubaa,F
rubaba,F
rubadah,F
rubi,F
rubina,F
rubiya,F
rudainah,F
rudaynah,F
rufaidah,F
rufaydah,F
ruhab,F
ruhee,F
ruhi,U
ruhina,F
rukan,F
rukanah,M
rukayat,F
rukhsaar,F
rukhsana,F
rukhsar,F
ruksana,F
ruksha,F
rumailah,F
rumaisa,F
rumaithah,F
rumana,F
rumaylah,F
rumaythah,F
rumeha,F
ruqaya,F
ruqayya,F
ruqayyah,F
ruquaiya,F
rushd,U
rushda,F
rushdi,M
ruwaid,M
ruwaidah,F
ruwayd,M
ruwaydah,F
ruwayfi,M
ruyah,F
saabira,F
saad,M
saadah,M
saadat,M
saadia,F
saadiya,F
saaedah,F
saafir,M
saahir,M
saaiq,M
saal,M
saaleha,F
saaliha,F
saamiya,F
saaqib,M
saara,F
saarah,F
sab,M
saba,F
sabaa,F
sabah,F
sabahat,F
sabbir,M
sabburah,F
sabeegah,F
sabeeh,M
sabeen,F
sabeer,M
sabeeyah,F
sabih,M
sabiha,F
sabihah,F
sabil,M
sabina,F
sabiq,M
sabiqah,F
sabir,M
sabirah,F
sabr,F
sabreen,F
sabri,M
sabrin,F
sabriyah,F
sabuhi,F
sabur,M
saburah,M
sad,M
sadad,U
sadaf,F
sadah,F
sadaldin,M
sadan,M
sadaqat,M
sadeed,M
sadeem,M
sadia,F
sadiah,F
sadid,M
sadik,M
sadiq,M
sadiqa,F
sadiqah,F
sadit,M
sadiyah,F
sadoof,F
sadun,M
saeed,M
saeedah,F
safa,F
safaa,F
safdar,M
safeenah,M
safeer,M
safeerah,F
saffanah,F
saffar,M
saffiya,F
safi,M
safia,F
safiy,M
safiya,F
safiyaldin,M
safiyallah,M
safiyy,M
safiyya,F
safiyyah,F
safoorah,F
safuh,M
safulislam,M
safun,F
safwah,U
safwan,M
safwana,F
safwat,M
sageda,F
sagheer,M
sagheerah,F
sahab,M
sahar,U
saharish,F
saheim,M
sahib,M
sahibah,F
sahil,M
sahir,M
sahirah,F
sahl,M
sahla,F
sahlah,F
sahm,M
sahmir,M
sahrish,F
saib,M
saibah,F
said,M
saida,F
saidah,F
saif,M
saifaldin,M
saifan,M
saifulazman,M
saihah,F
saila,F
saim,M
saima,F
saimah,F
saiqa,F
sair,M
saira,F
sairah,U
sairish,F
saja,F
saji,M
sajid,M
sajidah,F
sajjad,M
sakeena,F
sakeenah,F
sakhawat,M
sakhr,M
sakhrah,M
sakina,F
sakinah,F
salaahddinn,M
salaam,M
salah,M
salahaldin,M
salaheddine,M
salam,M
salamah,M
salamat,M
salar,M
saleel,M
saleem,M
saleema,F
saleemah,F
saleena,F
saleh,M
salif,M
salifah,F
salih,M
salihah,F
salik,M
salikah,F
salim,M
salimah,F
salma,F
salmaa,F
salman,M
salsaal,M
salsabeel,F
salsabil,F
salsal,M
salt,M
salwa,F
samaa,F
samaah,F
samah,F
samaira,F
samar,F
samara,F
samarah,F
samawah,F
sameea,F
sameed,M
sameeha,F
sameen,F
sameena,F
sameenah,F
sameer,M
sameera,F
sameh,U
samera,F
sameya,F
sami,M
samia,F
samiah,F
samih,M
samihah,F
samina,F
samir,M
samira,F
samirah,F
samit,M
samiun,F
samiya,F
samiyah,F
samman,M
sammar,F
samra,F
samrah,F
samrina,F
sana,F
sanaa,F
sanae,F
sanam,F
sanari,F
sanaubar,F
sanaullah,M
sanawbar,M
sanika,F
saniya,F
saniyah,F
saniyya,F
sanjeedah,F
saood,M
saqer,M
saqib,M
saqr,M
sara,F
sarab,M
sarah,F
sarfaraz,M
sarfraz,M
sarim,M
sarina,F
sarish,F
sariyah,M
sarmad,M
sarosh,M
sarra,F
sarrinah,F
sarwar,M
sarwari,F
sarwat,F
sarwath,F
sati,M
saud,M
sauda,F
savaira,F
sawa,M
sawad,M
sawdah,F
sawlat,M
sawsan,F
sawwaf,M
sayf,M
sayfiyy,M
sayhan,M
sayid,M
sayyar,M
sayyid,M
sayyidah,F
seem,F
seema,M
seemeen,F
seerat,F
seham,F
seher,F
sehr,F
sehrish,F
seif,M
selina,F
senada,F
senait,F
sfiyah,F
shaaf,M
shaariq,M
shabaan,M
shabab,M
shabah,M
shaban,M
shabana,F
shabaz,M
shabb,M
shabbeer,M
shabbir,M
shabeeh,M
shabeehah,F
shabib,M
shabina,F
shabnam,F
shad,M
shadab,M
shadan,U
shadeed,M
shadha,F
shadhaa,F
shadhin,M
shadhiyah,F
shadi,M
shadin,M
shadiyah,F
shadmani,F
shafaat,M
shafana,F
shafaq,F
shafath,F
shafee,M
shafeeq,M
shafeeqah,F
shafi,M
shafia,F
shafiah,F
shafin,M
shafiq,M
shafiqah,F
shafiulla,M
shafqat,M
shagufta,F
shah,M
shahab,M
shahada,F
shahadat,M
shahan,M
shahana,F
shaharun,F
shaharyar,M
shahbaz,M
shahd,F
shahed,F
shaheed,M
shaheem,M
shaheema,F
shaheen,M
shaheena,F
shaheenah,F
shaheer,M
shaheerah,F
shahid,M
shahida,F
shahidah,F
shahin,M
shahina,F
shahir,M
shahirah,F
shahla,F
shahlah,F
shahmeen,F
shahnaaz,F
shahnawaz,M
shahnaz,F
shahnoor,F
shahrazad,F
shahreen,F
shahrukh,M
shahrul,M
shahzaadee,F
shahzad,M
shahzaib,M
shahzana,F
shahzor,M
shaila,F
shaima,F
shairah,F
shairyaar,M
shaista,F
shaistah,F
shajarah,F
shajee,M
shajeeah,F
shakeel,M
shakeelah,F
shakib,M
shakila,F
shakir,M
shakirah,F
shakurah,F
shalimar,F
shallal,M
shama,F
shamailah,F
shamal,M
shamama,F
shamamah,F
shamas,M
shameel,M
shameem,M
shameemah,F
shameena,F
shamel,M
shamil,M
shamila,F
shamilah,F
shamim,U
shamima,F
shamis,F
shammyn,M
shamoodah,F
shams,U
shamsa,F
shamsaldin,M
shamshad,M
shamsheer,M
shamsia,F
shamsideen,M
shamsulhaq,M
shan,M
shanaz,F
shanika,F
shanum,F
shanza,F
shanzay,F
shanze,F
shaqeeq,M
shaqeeqah,F
sharaf,M
sharafat,M
sharaheel,M
sharayah,F
shareef,M
shareefa,F
shareek,M
shareekah,F
shareen,F
sharif,M
sharifah,F
sharifudin,M
shariq,M
shariqah,F
sharique,M
sharjeel,M
sharleez,F
sharmeen,F
sharmin,F
shasmeen,F
shatha,F
shaukat,M
shawaiz,M
shawq,F
shawqi,M
shayaan,M
shayan,M
shaybah,M
shayla,F
shayma,F
shaymaa,F
shazad,M
shazana,F
shazeb,M
shazfa,F
shazia,F
shaziya,M
shazmah,F
shazmin,F
shazneen,F
sheema,F
sheen,F
sheenaz,F
shehla,F
shehran,M
shehrbano,F
shehroze,M
shehryaar,M
shehyar,M
shehzaad,M
shehzadi,F
sheila,F
shellah,F
sherana,F
sheraz,M
shereen,F
sherrifah,F
sheryar,M
sheyla,F
sheza,F
shezan,F
shibli,M
shifa,U
shihaam,F
shihab,M
shihabaldin,M
shihad,M
shillan,F
shimah,F
shimaz,F
shiraz,M
shireen,F
shiya,F
shiyam,F
shiza,F
shoaib,M
shua,F
shuaa,M
shuaib,M
shuayb,M
shuba,F
shudun,F
shuhrah,F
shuja,M
shujana,F
shukrah,F
shukri,M
shukriyah,F
shumaila,F
shumaisiya,F
shumayl,M
shumaylah,F
shumaysah,F
shuneal,M
shurafa,F
shurahbeel,M
shurayh,M
shuraym,M
shurooq,F
shuruq,F
shyreen,F
sibaal,F
sibal,F
siddiq,M
siddiqa,F
siddiqah,F
siddra,F
sidra,F
sidrah,F
sifet,M
sihaam,F
siham,F
sikandar,M
silah,M
simah,F
simak,M
simra,F
simrah,F
sinan,M
sirah,F
siraj,M
sirajaldin,M
sireen,F
sirin,F
sitarah,F
sitwat,F
siwar,M
sobia,F
sofia,F
sofian,M
soha,F
sohaib,M
sohail,M
sohana,F
sokaina,F
somaya,F
sonia,F
sophia,F
soraiya,F
soraya,F
sorfina,F
souad,F
souffian,M
soufiane,M
soufyane,M
souhayla,F
soukaina,F
soukayna,F
suad,F
subaha,F
subayah,F
subbiha,F
subhaan,F
subhah,F
subhan,M
subhi,M
subhiyah,F
subuhi,F
suda,F
sudi,F
sufia,F
sufyan,M
sughra,F
suha,F
suhaan,M
suhaib,M
suhail,M
suhailah,F
suhaim,M
suhaimah,F
suhair,F
suhana,F
suhayb,M
suhayl,M
suhaylah,F
suhaym,M
suhaymah,F
suhayr,F
suheb,M
suheera,F
suja,F
sukaina,F
sukainah,F
sukaynah,F
sulafah,F
sulaiman,M
sulayk,M
sulayman,M
sultaan,M
sultan,M
sultana,F
sultanah,F
sulthana,F
sumaira,F
sumaiya,F
sumaiyah,F
sumanah,F
sumara,F
sumayra,F
sumayrah,F
sumaytah,F
sumayya,M
sumayyah,F
sumbul,F
sumera,F
sumia,F
sumiya,F
sumlina,F
summar,F
summaya,F
summayyah,F
sumnah,F
sumra,F
sumrah,U
sunbul,F
sundas,F
sundus,F
sunya,F
suoud,M
sura,F
suraa,F
suraiya,F
suraqah,M
suraya,F
surayj,M
surraya,F
surur,M
suud,M
suwaybit,M
suwayd,M
suwaydah,F
suwera,F
swiyyah,F
sydeek,M
syed,M
taabeer,F
taahira,F
taalah,F
taalia,F
taanish,M
tabalah,F
taban,M
tabassum,U
tabinda,F
tabish,M
tafida,F
taghrid,F
taha,M
tahani,F
tahawwur,M
taheem,M
tahera,F
tahfeem,F
tahir,M
tahira,F
tahirah,F
tahiyah,F
tahiyat,F
tahlibah,F
tahmeed,M
tahmid,M
tahoor,M
tahseen,M
tahseenah,F
tahsin,M
taibah,F
taima,F
taimallah,M
taimur,M
taj,M
tajaldin,M
tajammal,M
tajammul,M
tajudinn,M
takiyah,F
tala,F
talah,F
talal,M
talat,M
talha,M
talhah,M
tali,M
talib,M
talibah,F
tamadur,F
tamam,M
tamanna,F
tamara,F
tameem,M
tameemah,F
tameez,M
tamim,M
tamir,M
tamkeen,M
tammam,M
tanim,M
tanisha,F
tanveer,M
tanweer,F
tanwir,M
tanzeela,F
tanzila,F
taqiy,M
taqiyah,F
taqiyy,M
taqwa,F
taqwaa,F
tara,F
tarannum,M
tareef,M
tarif,M
tarik,M
tariq,M
tariqah,F
tarub,F
tasadduq,M
tasavur,F
tasawwar,M
taseefa,F
taseen,M
tasheen,F
taskeen,F
tasleem,F
taslim,M
tasliymah,F
tasneam,F
tasneem,F
tasneen,M
tasnim,F
tatheer,F
taufiq,M
tauqeer,M
tawbah,U
tawfeeq,M
tawfiq,M
tawhid,M
tawoos,M
tawseef,M
taybah,F
tayma,F
taymallah,M
taymullah,M
taymur,M
taysir,M
tayyab,M
tayyib,M
tayyibah,F
tazeem,M
tazeen,F
tazim,F
tazkia,F
tazmeen,F
tazneem,M
tehmeed,F
tehreem,F
tehseen,M
tehzeeb,F
thabit,M
thabitah,F
thahera,F
thalabah,M
thaman,M
thamar,M
thamer,M
thaminah,F
thamir,M
thana,F
thanaa,F
thaqaf,M
thaqib,M
thara,F
tharaa,F
tharwah,F
tharwat,M
tharya,F
thashin,F
thauban,M
thawab,U
thawban,M
thayer,M
thoraya,F
thubaytah,F
thufailah,F
thumamah,M
thuml,F
thuraiya,F
thurayya,F
thuwaibah,F
thuwaybah,F
tibah,F
tihami,M
tilila,F
tinhinan,F
tisha,F
tobias,M
tooba,F
toqeer,M
toufika,F
touria,F
tuba,F
tubaa,F
tubassum,F
tufayl,M
tufaylah,F
tulayb,M
tulayhah,F
tumadur,F
tunveer,M
tuqa,F
tuqaa,F
turhan,M
ubaab,F
ubab,F
ubadah,M
ubah,F
ubaid,M
ubaidah,M
ubayd,M
ubaydah,M
ubaydullah,M
ubayy,M
udail,M
uday,M
udayl,M
udaysah,F
ugbaad,F
uhban,M
uhud,F
ujala,F
ula,F
ulfah,F
ulfat,M
umair,M
umaiza,F
umamah,F
umar,M
umarah,M
umaymah,F
umaynah,F
umayr,M
umayrah,F
umayyah,M
ummayyah,F
ummekulsum,F
ummkalthum,F
ummkulthum,F
umnia,F
umniyah,F
umran,M
unais,M
unal,M
unays,M
unaysah,F
unaza,F
unsa,F
uqbah,M
urfee,M
urooj,M
uroosa,F
urshia,F
urwah,M
usaim,M
usaimah,F
usama,M
usamah,M
usayd,M
usaym,M
usaymah,F
ushna,F
usman,M
uswa,F
utaybah,F
utbah,M
uthal,M
uthman,M
uwaisah,F
uwayam,M
uwaysah,F
uzair,M
uzayr,M
uzma,F
valiqa,F
vardah,F
varisha,F
waail,M
waajidah,F
wabisa,F
wad,F
waddah,M
wadha,F
wadhaa,F
wadi,M
wadiah,F
wadid,M
wafa,U
wafaa,F
wafeeq,M
wafeeqa,F
wafeeqah,F
wafi,M
wafiq,M
wafiqah,F
wafiyah,F
wafiza,F
wagma,F
wahab,M
wahabah,F
wahb,M
wahban,M
wahbiyah,F
waheed,M
wahhab,M
wahhaj,M
wahib,M
wahibah,F
wahid,M
wahida,F
wahidah,F
wahuj,F
wail,M
wais,M
waiz,M
wajahat,F
wajd,F
wajdaan,M
wajdi,M
wajeeh,M
wajid,M
wajih,M
wajihah,F
wakalat,M
wakeel,M
wakeelah,F
wakil,M
wala,F
walaa,F
waleed,M
wali,M
walid,M
walidah,F
walif,M
walihah,F
waliuddin,M
waliyah,F
waliyaldin,M
waliyallah,M
walladah,F
wania,F
waniya,F
waqaar,M
waqar,M
waqas,M
waqqas,M
ward,M
warda,F
wardah,F
wareesha,F
warizah,F
warqa,F
warqaa,F
warsan,F
wasay,M
waseefah,F
waseem,M
waseemah,F
wasfiyah,F
washma,F
wasif,M
wasifah,F
wasil,M
wasilah,F
wasim,M
wasimah,F
wasna,F
watheq,M
watiaa,F
wazeera,F
wazir,M
wiam,F
wid,F
widaad,F
widad,F
wifaq,F
wijdan,F
wildan,M
wisaal,F
wisaam,F
wisal,F
wisam,U
wissal,F
wiyyam,F
wordah,F
wurud,F
yafi,M
yafiah,F
yaghnam,M
yahya,M
yakootah,F
yalina,F
yalqoot,F
yamamah,F
yaman,M
yameen,M
yamha,F
yamina,F
yaminah,F
yaqeen,M
yaqoot,M
yaqub,M
yar,M
yara,F
yarah,F
yasar,M
yaseen,M
yasin,M
yasir,M
yasirah,F
yasmeen,F
yasmeenah,F
yasmin,F
yasmina,F
yasmine,F
yasna,F
yassaman,F
yasser,M
yassin,M
yassine,M
yassir,M
yathrib,M
yawar,M
yawer,M
yazan,M
yazeed,M
yazid,M
yelda,F
yoonus,M
younes,M
younis,M
youssef,M
yuhannis,M
yumn,F
yumna,F
yumnah,F
yunus,M
yusayrah,F
yusef,M
yushua,M
yusr,M
yusra,F
yusraa,F
yusri,M
yusriyah,F
yusuf,M
yusur,F
zaafirah,F
zaahirah,F
zaara,F
zackariya,M
zaeem,M
zaeemah,F
zafar,M
zafeerah,F
zafir,M
zafirah,F
zafreen,F
zafrul,M
zahabiya,F
zahara,F
zaheen,F
zaheer,M
zaheerah,F
zahi,M
zahid,M
zahidah,F
zahir,M
zahira,F
zahirah,F
zahra,F
zahraa,F
zahrah,F
zahwah,F
zaid,M
zaida,F
zaigham,M
zaighum,M
zaim,M
zain,U
zaina,F
zainab,F
zair,M
zairah,F
zaiton,F
zakar,M
zakaria,M
zakariae,M
zakariya,M
zakariyya,M
zaki,M
zakia,F
zakir,M
zakirah,F
zakiyah,F
zakwan,M
zaky,M
zalfa,F
zaman,M
zameelah,F
zameena,F
zameer,M
zamil,M
zamrud,F
zanubiya,F
zanyah,F
zara,F
zarar,M
zareen,F
zareena,F
zareenah,F
zarif,M
zarifah,F
zarina,F
zariya,F
zariyah,F
zarmina,F
zaroon,M
zarqa,F
zarrah,F
zarrar,M
zartaj,F
zayaan,F
zayan,M
zayb,M
zayba,F
zayd,M
zayer,M
zayn,U
zaynab,F
zaynah,F
zaytoon,F
zaytoonah,F
zeba,F
zebadiyah,M
zeena,F
zeenat,F
zeeshan,M
zeeya,M
zehna,F
zehra,F
zenia,F
zerina,F
zeyad,M
zhalay,F
zia,M
ziad,M
ziaud,M
zinah,F
zinat,F
zineb,F
zineta,F
zinneerah,F
zishan,M
ziyad,M
ziyan,F
zoeya,F
zoha,F
zohaib,M
zohair,M
zoharin,F
zohha,F
zohra,F
zohura,F
zonira,F
zorah,F
zoufishan,F
zouhair,M
zouheir,M
zoya,F
zubaidah,F
zubair,M
zubaria,F
zubash,F
zubaydah,F
zubayr,M
zubdah,F
zubi,F
zuehb,M
zufar,M
zuha,F
zuhaa,F
zuhaib,M
zuhair,M
zuhaira,F
zuharah,F
zuhayr,M
zuhayra,F
zuhera,F
zuhoor,M
zuhra,F
zuhrah,F
zuhur,F
zulaykha,F
zulaym,M
zulekha,F
zulfa,F
zulfah,F
zulfaqar,M
zulfiqar,M
zulqarnain,M
zumurrud,F
zumzum,F
zunairah,F
zunnoon,M
zuti,M
zynah,F
zyva,F
 zeineb ,F
YAHIA,M
boujmaa ,M
jihad,F
ABDELFATAH,M
ELMUSTAPHA,M
mustapha,M
maryem,F
AMINA,F
meriem,F
houda,F
abdelmoula ,M
mostapha,M
meriem,F
moha,M
zakarya,M
fairouz,F
abdelmoula,M
elmostafa,M
badiaa,F
OUADIA,F
NAZHA,F
bouchra,F
aslaoui,M
younssi,M
kbir,M
ichkar,F
manale,F
M hammed azelarab,M
Said,M
Abdennasser,M
Abderrahim,M
Abderrahmane,M
Ayoub,M
Driss,M
Essediya,F
Fatima,F
Hasnaa,F
Houssam,M
Khadija,F
Khalifa,M
Khaoula,F
Latifa,F
Lahoucine,M
Malika,F
Mbarek,M
Mohamed,M
Moulay rachid,M
Naima,F
Najiya,F
Oumaima,F
Raja,F
Rhimou,F
Souad,F
Soumia,F
Zineb,F
Zouhair,M
Aatif,M
Atmane,M
Azeddine,M
Abbass,M
Abbess,M
Abbou,M
Abdallah,M
Abdelfattah,M
Abdellah,M
Abdelmounaim,M
Abdelali,M
Abdellatif,M
Abdelaziz,M
Abdeladim,M
Abdelbaki,M
Abdelbari,M
Abdelbasset,M
Abdelfettah,M
Abdelghaffar,M
Abdelghafour,M
Abdelghani,M
Abdelhafid,M
Abdelhakim,M
Anas,M
Elbachir,M
Fatima zahra,F
Habib,M
Halima,F
Hayate,F
Hind,F
Kaoutar,F
Siham,F
Aafaf,F
Aarab,M
Abbas,M
Abbassia,F
Abdessamad,M
Abdeljalil,M
Abdelazyz,M
Abdelfatteh,M
Moulay ali,M
Mohamed larbi,M
Amina,F
Anouar,M
Ettayeb,M
Hassan,M
Houda,F
Ibtissam,F
Mouhssine,M
Nour el houda,F
Oussama,M
Rachid,M
Widad,F
Yassine,M
Zahra,F
Aabla,F
Aadil,M
Abd,M
Abdessadek,M
Abdelhabib,M
Abdelmajid,M
Abdelhaq,M
Abdelhay,M
Abdeljabbar,M
Abdelkebir,M
Abdelkader,M
Abdelkadir,M
Abdelkamal,M
Abdelkrim,M
Abdelkhalek,M
Abdelkhaleq,M
Sidi youssef,M
Belkacem,M
Jihane,F
Lahcen,M
Meryem,F
Miloud,M
Moad,M
Nisrine,F
Soukaina,F
Warda,F
Aatika,F
Abdelmouhcine,M
Abdelouahed,M
Abdelhafed,M
Abdeljaouad,M
Abdelmalek,M
Abdelmoula,M
Abdelmoujib,M
Abdeloihed,M
Abdelouafi,M
Abdelouahab,M
Abdennacer,M
Abdenbi,M
Abdennaji,M
Abdennour,M
Abderrazak,M
Abderrafie,M
Abderrazzaq,M
Abdeslam,M
Abdeslem,M
Abdessabour,M
Abdessadeq,M
Abdelmoughit,M
Abdelqader,M
Abdelrhaffar,M
Abdelwahab,M
Abdelwaheb,M
Abderrachid,M
Abderrafia,M
Abdessamed,M
Abelilah,M
Abir,F
Abla,F
Achraf,M
Adam,M
Adel,M
Adib,M
Adil,M
Adnane,M
Afaf,F
Afifa,F
Ahlam,F
Ahmad,M
Ahmed,M
Ahmed amine,M
Ahmed fouad,M
Ahmedreda,M
Aicha,F
Abdoussalam,M
Abida,F
Aboubakr,M
Achour,M
Acia,F
Ahlame,F
Abdelmoumen,M
Abdeloihab,M
Abdeloihid,M
Abdelmoutalib,M
Abella,M
Abid,M
Ahmed baba,M
Ahmed salem,M
Ahmida,M
Aida,F
Aimad,M
Aiman,M
Aimane,M
Aissa,M
Aissam,M
Aoumar,M
Al mustapha,M
Alaa,M
Alami,M
Ali,M
Alia,F
Aliae,F
Allal,M
Allala,F
Amal,F
Amarouch,M
Amin,M
Amine,M
Amira,F
Anass,M
Anasse,M
Anisa,F
Anissa,F
Akram,M
Alamine,M
Alae,M
Alaa eddine,M
Alaoui,M
Ali mohamed,M
Alouat,M
Amale,F
Amar,M
Ammar,M
Ammara,F
Anis,M
Aoitif,F
Aoutman,M
Aouatif,F
Arbia,F
Asma,F
Asmaa,F
Asmae,F
Ahmedfal,M
Ahmedsaid,M
Akka,M
Ali salem,M
Asmahane,F
Assia,F
Assma,F
Atika,F
Atiqa,F
Aouatef,F
Awatif,F
Ayad,M
Ayada,F
Aymane,M
Ayyoub,M
Azhar,F
Aziz,M
Aziza,F
Azzouz,M
Bachir,M
Badia,F
Badr,M
Badreddine,M
Badria,F
Bahija,F
Bahiya,F
Bakr,M
Basma,F
Bassim,M
Belkassem,M
Benabdellah,M
Benaissa,M
Benali,M
Bennaceur,M
Benomar,M
Bilal,M
Bouchra,F
Bouabid,M
Bouaddi,M
Boualam,M
Boubker,M
Bouchaib,M
Anwar,M
Aomar,M
Assil,M
Assiya,F
Assmaa,F
Assya,F
Aukacha,M
Ayman,M
Ayyad,M
Ayyada,F
Azize,M
Bassidi,M
Badiaa,F
Bahia,F
Bassou,M
Aniss,M
Anoir,M
Anoire,M
Arif,M
Arsalane,M
Asia,F
Assala,F
Assim,M
Atif,M
Atifa,F
Aya,F
Aycha,F
Aymen,M
Bouchta,M
Boujemaa,M
Boulaid,M
Boumadiane,M
Bousselham,M
Boutaina,F
Bouzakri,M
Brahim,M
Btihal,F
Btissam,F
Chadia,F
Chahid,M
Chaibia,F
Chaimaa,F
Chaimae,F
Chama,F
Chams eddouha,F
Chamseddine,M
Charaf eddine,M
Charifa,F
Charkaoui,M
Charki,M
Chaymaa,F
Chaymae,F
Cherif,M
Cherqui,M
Dalila,F
Daoud,M
Diae,F
Dina,F
Djamila,F
Doha,F
Donia,F
Douha,F
Dounia,F
Drissia,F
Eddaouia,F
Elidrissia,F
Elarbi,M
El aidia,F
El akel,M
Elalami,M
Bentahar,M
Benyoussef,M
Bennasser,M
Benyounes,M
Billal,M
Blal,M
Bouarfa,M
Bouazza,M
Bouzekri,M
Brik,M
Choukri,M
Charaf,M
Charafdin,M
Charif,M
Chaurok,F
Chouaib,M
Dalal,F
Daoudi,M
Douae,F
Abidine,M
Abire,F
Adnan,M
Afif,M
Afrae,F
Bader,M
Baghdad,M
Batoul,F
Belaid,M
Ben ahmed,M
Bendaoud,M
Bensaid,M
Boudour,F
Chafik,M
Chafiq,M
Chahrazad,F
Chaib,M
Elabbassi,M
El abed,M
Elbatoul,F
Elbekkaye,M
Elhabib,M
El habri,M
El haj,M
Elhafed,M
Elhadi,M
Elhouari,M
Elhassania,F
Elhassan,M
Elhoucine,M
Elhoussine,M
El kasmia,F
Elkebir,M
El kettanimina,F
El khadir,M
Elghali,M
Elkhammar,M
Elmadani,M
El mahfoud,M
Elmahjoub,M
El makki,M
Elmamoun,M
El mehdi,M
Elmokhtar,M
Elmouloudi,M
Elmostafa,M
Elmustapha,M
Elouazna,F
El yakoute,F
Elyazid,M
Elbouazzaoui,M
Elham,F
Elhasnaoui,M
Elkouchi,M
Elmiloud,M
Ahmidou,M
Amyn,M
Elghalia,F
El ayd,M
Elghazi,M
Elkhayat,M
El khyatia,F
Elmaati,M
El meliani,M
Elmofaddal,M
El mouden,M
Elouafi,M
El yamani,M
Assou,M
Badre,M
Bakhita,F
Bakkar,M
Baroudi,M
Chaker,M
Chakib,M
Cheikh,M
Choumicha,F
Chrif,M
Dahbi,M
Dikra,F
Dris,M
Dyaa,F
Echcherki,M
Ejjilali,M
El aid,M
El aissaoui,M
El alaouia,F
Elamine,M
Elfaiza,F
Elhanafi,M
Essaid,M
Es sassi,M
Esmail,M
Essaadia,F
Essadik,M
Esserghini,M
Ettalia,F
Ezzahia,F
Ezzohra,F
Fadma,F
Fadna,F
Fadoua,F
Fadwa,F
Fahd,M
Faical,M
Fairouz,F
Faissal,M
Faiza,F
Fakir,M
Faouzi,M
Fouzia,F
Farah,F
Farid,M
Farida,F
Faris,M
Fars,M
Fathallah,M
Fathi,M
Fatia,F
Fatiha,F
El yassaa,M
Essahraoui,M
Ettibari,M
Ezzahra,F
Fadila,F
Fadli,M
Fanida,F
Fatah,M
Fathia,F
Belal,M
Belhaj,M
Benazzouz,M
Bensalem,M
Boufelja,M
Boukhayar,M
Boumediene,M
Bounouar,M
Boutayna,F
Chahida,F
Chbani,M
Chorouk,F
Darifa,F
Douaa,F
El jaouad,M
El kamla,F
El magboula,F
Elmekki,M
Eladj,M
Essoufia,F
Fadel,M
Fadil,M
Faissel,M
Farouq,M
Elalamia,F
El boukhari,M
Elkbira,F
Fatima zahrae,F
El yassamine,F
Elasri,M
Elidrissiaima,F
Elhaj,M
Elyoussoufi,F
Ezzaim,M
Faik,M
Faiz,M
Fariss,M
Fatin,F
Fatine,F
Fatma,F
Fatna,F
Fayrouz,F
Fedoua,F
Fekri,M
Ferdaous,F
Fouad,M
Ghalia,F
Gharib,M
Ghislaine,F
Ghita,F
Ghizlane,F
Habiba,F
Hafid,M
Hafida,F
Hafsa,F
Faycal,M
Fayssal,M
Fayza,F
Fenna,F
Fikri,M
Fikria,F
Ghalem,M
Ghania,F
Hachem,M
Hadda,F
Haddou,M
Hafca,F
Hafssa,F
Haitam,M
Haj mohammed,M
Hajar,F
Hajer,F
Hajiba,F
Hakim,M
Hakima,F
Hakkoum,M
Hala,F
Hamed,M
Hamid,M
Hamida,F
Hammadi,M
Hammou,M
Hamza,M
Hana,F
Hanaa,F
Hanae,F
Hanan,F
Hanane,F
Hasna,F
Fdila,F
Fedwa,F
Fidaa,F
Ghazouani,M
Hajare,F
Hajjou,M
Hamdi,M
Hanifa,F
Hasan,M
Fatimazhra,F
Hassoun,M
Hatim,M
Hayat,F
Hbouba,F
Hiba,F
Hicham,M
Hmad,M
Hnia,F
Houari,M
Hined,F
Hmida,M
Hniya,F
Fatyha,F
Firdaous,F
Ghariba,F
Ghezlane,F
Ghyzlane,F
Hachouma,F
Hajib,M
Halim,M
Houria,F
Housna,F
Housni,M
Houyam,F
Ibrahim,M
Ibrahim khalil,M
Ichrak,F
Idir,M
Idris,M
Idriss,M
Idrissia,F
Ihssane,F
Iatimad,F
Ijja,F
Ijlal,F
Ikhlas,F
Ikram,F
Ikrame,F
Ilyass,M
Ilham,F
Ilhame,F
Ilias,M
Ilyas,M
Imad,M
Houmame,M
Houssam eddine,M
Ibtihaj,F
Ichraf,F
Ichraq,F
Idar,M
Ider,M
Ihsan,F
Ijjou,F
Ilyess,M
Iman,F
Imane,F
Ghofrane,F
Hadj,M
Hamou,M
Imad eddine,M
Inass,F
Insaf,F
Inssaf,F
Intissar,F
Islam,F
Ismail,M
Ismahane,F
Israe,F
Issam,M
Issame,M
Itto,F
Iyada,F
Jaber,M
Jalal,M
Jalila,F
Jallal,M
Jamaa,M
Jamal,M
Jamal eddine,M
Jamil,M
Jamila,F
Jaouad,M
Jawad,M
Inasse,F
Intessar,F
Isam,M
Janat,F
Jehane,F
Jemaa,F
Jilali,M
Kabira,F
Kacem,M
Kada,M
Kaddour,M
Hekmat,F
Hikmat,F
Hinde,F
Hmaida,M
Houcine,M
Iatidal,F
Ihab,M
Ihya,M
Ikhlef,M
Kaltouma,F
Keltoum,F
Kamal,M
Kamar,F
Kamilia,F
Karim,M
Karima,F
Karym,M
Kawtar,F
Kebira,F
Keltouma,F
Kenza,F
Khaddouj,F
Jelloul,M
Jihad,F
Jihan,F
Kanza,F
Khaddouja,F
Hanna,F
Haroun,M
Inas,F
Ishaq,M
Islah,F
Khalid,M
Khalida,F
Khalil,M
Khamissa,F
Khammar,M
Khawla,F
Khira,F
Khouloud,F
Kinza,F
Lhoussaine,M
L mostafa,M
Laaziza,F
Laghzal,F
Lahbib,M
Lahsen,M
Laid,M
Laidi,M
Laila,F
Lakbir,M
Lalla cherif,F
Lallafatima,F
Lallahafida,F
Lallakhadija,F
Lalla latifa,F
Lallameriem,F
Lallasaadia,F
Lallazhor,F
Lalla zineb,F
Lallalaaziza,F
Lamfaddal,M
Lamia,F
Lamiaa,F
Lamiae,F
Lamina,F
Lamine,M
Lamya,F
Larbi,M
Layachi,M
Layla,F
Lbachir,M
Leila,F
Lekbir,M
Lhachmi,M
Lhassan,M
Lina,F
Lobna,F
Lotfi,M
Louafi,M
Loubna,F
Louiza,F
Mbirika,F
Khaled,M
Khalissa,F
Khamis,M
Khansaa,F
Kheira,F
Khair eddine,M
Hilal,M
Hoda,F
Ibtihal,F
Jaafar,M
Jabbar,M
Jamai,M
Jaouahir,F
Jihade,F
Jmiaa,F
Kamal eddine,M
Kbiri,M
Kebir,M
Lahlali,M
Lakhdar,M
Lallaamina,F
Lalla bani,F
Lalla fatima zahra,F
Lalla hasna,F
Lalla lahdia,F
Lallamaria,F
Lallazahra,F
Lallana,F
Lamsaddek,M
Laarbi,M
Latefa,F
Khadra,F
Khatima,F
Kouider,M
Laaziz,M
Lhassania,F
Lhou,M
Linda,F
Lissane eddine,M
Loukmane,M
Mbarka,F
Mfeddal,M
Madiha,F
Maghnia,F
Maha,F
Mahama,F
Mahassine,F
Mahmoud,M
Majda,F
Majeda,F
Majid,M
Majida,F
Malainine,M
Mama,F
Manal,F
Manar,F
Mansour,M
Marek,M
Maria,F
Mariya,F
Marouane,M
Maroua,F
Marwa,F
Mahfoud,M
Mahjouba,F
Majdoub,M
Marwane,M
Mbark,M
Mehdi,M
Mekki,M
Mennana,F
Messaoud,M
Messaouda,F
Massir,M
Meftaha,F
Mehjouba,F
Mestapha,M
Milouda,F
Mimoun,M
Mina,F
Mirieme,F
Imran,M
Ismain,M
Issa,M
Izana,F
Lalami,M
Lallaaicha,F
Lalla amal,F
Lalla anissa,F
Lalla asma,F
Lalla hind,F
Lalla kenza,F
Lalla mariam,F
Laouni,M
M'hand,M
Mimouna,F
Myabdellah,M
Moha,M
Moha ou ali,M
Jinane,F
Joudia,F
Jaouhar,M
Mohammed kamal,M
Mohammed abdou,M
Mohamed fadel,M
Mohamed azeddine,M
Mohammed aziz,M
Mohamed hassan,M
Mohamed mouloud,M
Mohamed mustapha,M
Mohamed nabil,M
Mohammed najib,M
Mohamed reda,M
Mohamed ridouan,M
Mohamed sabri,M
Mohamed taoufik,M
Mohamed yassine,M
Mohamed younes,M
Mohammed fouad,M
Mohamed el bachir,M
Mohamed mehdi,M
Mohamed zakaria,M
Mohameda,M
Khallouk,M
Khoukha,F
Mohamed aissam,M
Mohammednoureddine,M
Mohamed rachid,M
Mohamedsghir,M
Mouhcine,M
Mokhtar,M
Moncif,M
Morad,M
Mustapha,M
Mouaad,M
Mouad,M
Moubarik,M
Moubarika,F
Moufid,M
Moulay abdelaziz,M
Latyfa,F
Lekbira,F
Lhaj,M
Lhanafi,M
Loutfi,M
Maati,M
Maftaha,F
Mahdia,F
Maher,M
Mahjoub,M
Maouia,F
Marbouha,F
Mohammed mouhcine,M
Mohammed naoufal,M
Mohand,M
Mohcen,M
Mohamed anouar,M
Mona,F
Mounaim,M
Mounir,M
Monir,M
Montasser,M
Mouha,M
Mohsen,M
Moulay abdellah,M
Moulay abdelali,M
Moulayabdelouahed,M
Moulay ahmed,M
Moulay cherif,M
Moulay driss,M
Moulay el hassan,M
Moulay mustapha,M
Moulay smail,M
Moulay otman,M
Moulay youssef,M
Mouloud,M
Mouna,F
Mounia,F
Mourad,M
Moussa,M
Lalla bahia,F
Lallamalika,F
Myahmed,M
Mymahdi,M
Myriem,F
Nabil,M
Nabila,F
Naceur,M
Nada,F
Nadia,F
Nadir,M
Nafissa,F
Nahid,F
Mariama,F
Marzak,M
Mastapha,M
Moaad,M
Moulayabderrahman,M
Moulay brahim,M
Moulay el mehdi,M
Moulay lahcen,M
Moulay lmadani,M
Moulay omar,M
Mounsef,M
Mountassir,M
Mrabih,M
Myabdelaziz,M
My ali,M
Mycherif,M
Mylhassan,M
Myhafid,M
Najah,F
Najat,F
Najate,F
Naji,M
Najia,F
Najib,M
Najim,M
Najima,F
Najlaa,F
Najoua,F
Najwa,F
Naoual,F
Narjiss,F
Nasrellah,M
Nasraddine,M
Nasreddine,M
Nassira,F
Nassim,M
Nawal,F
Nazha,F
Naziha,F
Nouhaila,F
Nezha,F
Nihad,F
Nihal,F
Nirmine,F
Noufissa,F
Nora,F
Noureddine,M
Nouha,F
Nour elhayat,F
Noura,F
Myrachid,M
Myriam,F
Naama,M
Nacera,F
Nahida,F
Nadira,F
Nadra,F
Nadya,F
Nahla,F
Naim,M
Najem,M
Mfadel,M
Mabrouka,F
Majdouline,F
Mamed,M
Manale,F
Manana,F
Manna,F
Mareim,F
Noureddyne,M
Nourimane,F
Nousra,F
Noussaiba,F
Noussair,M
Nouzha,F
Oulkhir,F
Omar,M
Omor,M
Othmane,M
Otman,M
Ouafa,F
Ouafaa,F
Ouafae,F
Ouahib,M
Ouahiba,F
Ouail,M
Oualid,M
Oualyd,M
Ouassim,M
Ouassima,F
Ouelghazi,M
Oufae,F
Ouical,F
Ouidad,F
Ouissal,F
Oumkaltoum,F
Oumkeltoum,F
R kia,F
Rabab,F
Rabha,F
Rabi,M
Rabia,F
Rabiaa,F
Najiba,F
Nejma,F
Nesrine,F
Nezar,M
Niama,F
Nidal,F
Nouamane,M
Noha,F
Nouhayla,F
Noursaid,M
Ouijdane,F
Marya,F
Marzouk,M
Maziane,M
Mehdia,F
Mohamed abdessamad,M
Mohamed adnane,M
Mohamed alaa,M
Mohamed amaanane,M
Mohamed anas,M
Mohamed karim,M
Mohamed atif,M
Mohamed oubarek,M
Mohamed taha,M
Mohamed zakariae,M
Mohammed fakhreddine,M
Mohamed mahmoud,M
Mohamed marouane,M
Mohamed youssef,M
Ouarda,F
Ouadie,M
Ouhammou,F
Ouedad,F
Ouiam,F
Ouiame,F
Ouissam,F
Oulaya,F
Oulia,F
Rabea,F
Rabya,M
Rachad,M
Rachida,F
Moulouda,F
Monyr,M
Mouchira,F
Moulay abdelkarim,M
Moulay azizi,M
Moulay larbi,M
Moulay taib,M
Monsif,M
Mousa,M
Radia,F
Redouane,M
Rafia,F
Rafik,M
Rafika,F
Rahhal,M
Rahma,F
Rajae,F
Raniya,F
Reda,M
Rekia,F
Rhizlane,F
Rida,M
Ridwane,M
Rkia,F
Romaissa,F
Rquia,F
Saadeddine,M
Saadia,F
Sabah,F
Saber,M
Safa,F
Safaa,F
Safae,F
Safia,F
Safya,F
Saida,F
Saif elslam,M
Sakina,F
Salah,M
Salah eddine,M
Salem,M
Saliha,F
Salima,F
Salma,F
Saloua,F
Salwa,F
Samah,F
Samia,F
Samiha,F
Samir,M
Samira,F
Mohamed abdelbassat,M
Mohamed el khalil,M
Mohamed achraf,M
Mohamed jamalddine,M
Mohamed ayoub,M
Mohammadan,M
Radya,F
Rahal,M
Rahima,F
Rahioui,F
Rahmat allah,M
Rajaa,F
Ramdane,M
Randa,F
Rania,F
Rhita,F
Riad,M
Rihab,F
Rim,F
Rochdi,M
Saad,M
Saad allah,M
Sabir,M
Sabrina,F
Sabrine,F
Sadgui,M
Safiya,F
My brahim,M
Mysmail,M
Myomar,M
Najid,M
Najlae,F
Naouar,F
Samya,F
Sana,F
Sanaa,F
Sanae,F
Sara,F
Sarah,F
Sarra,F
Selma,F
Sfia,F
Si mohamed,M
Sidimohamed,M
Sifeddine,M
Smail,M
Soaad,F
Soad,F
Soufiane,M
Sohayb,M
Slimane,M
Soltana,F
Sophia,F
Souhail,M
Souhayl,M
Soukayna,F
Tahar,M
Taika,F
Tamou,F
Tarik,M
Tariq,M
Tawfik,M
Tayeb,M
Tijani,M
Tijania,F
Taoufik,M
Touria,F
Wafa,F
Wafaa,F
Mohammed chaouki,M
Saleh,M
Salsabil,F
Saoudi,M
Seddiq,M
Sidi elokhtar,M
Sihame,F
Simour,F
Smahane,F
Souaad,F
Sohaib,M
Souhaila,F
Nazih,M
Nejoua,F
Nizar,M
Noubir,M
Nourelyakine,M
Ouadi,M
Wafae,F
Walid,M
Wiam,F
Wiame,F
Wijdane,F
Wissal,F
Wissam,F
Yacine,M
Yahya,M
Yamina,F
Yassir,M
Youmna,F
Younes,M
Youssef,M
Yousra,F
Zahia,F
Zahira,F
Mjahed,M
Moulay abdeslam,M
Moulay abdessamad,M
Moulay hachem,M
Taha,M
Taoufiq,M
Tarek,M
Tehami,M
Wadia,M
Wahiba,F
Wassima,F
Wydad,F
Yamna,F
Yassen,M
Yasser,M
Yasyn,M
Yazza,F
Yosra,F
Zaghma,F
Rabah,M
Radi,M
Radoine,M
Ratiba,F
Rhariba,F
Zahya,F
Zaid,M
Zaina,F
Zainab,F
Zakaria,M
Zakariae,M
Zaki,M
Zakia,F
Zakiya,F
Zakya,F
Zaynab,F
Zhor,F
Zhour,F
Zidane,M
Zinab,F
Zohra,F
Zoubir,M
Zoubida,F
Zouhra,F
Zoulikha,F
Aballa,M
Aabi,M
Aabid,M
Aabida,F
Aabir,F
Aadel,M
Aafifa,F
Aafra,F
Aahd,F
Aali,M
Aamir,M
Aarabe,M
Mylahcen,M
My abdeslam,M
Nabaouia,F
Nacira,F
Nadif,F
Nadiya,F
Zainaba,F
Zeineb,F
Zine el abidine,M
Zine eddine,M
Zinib,F
Zohir,M
Zouine,M
Zyad,M
Aabidi,M
Abouche,F
Aadile,M
Aarafa,M
Aatifa,F
Aatiq,M
Aaziz,M
Aaziza,F
Abaid,M
Abbad,M
Abbes,M
Abdaim,M
Abdalali,M
Abdalhak,M
Rokaya,F
Roquya,F
Roufaida,F
Sabahe,F
Sabira,F
Sadik,M
Salek,M
Salim,M
Samar,F
Najya,F
Nasra,F
Nayma,F
Nazik,F
Allouch,M
Aba cheikh,M
Abass,M
Abbadi,F
Ouali,M
Ouhsine,M
Oukacha,M
Rabii,M
Rafiqa,F
Sekayna,F
Sghir,M
Sidi,M
Sidi abdelmounim,M
Smaail,M
Sofia,F
Soraya,F
Souade,F
Soufia,F
Souhir,F
Tahra,F
Thami,M
Touda,F
Touhami,M
Wadie,M
Wadii,M
Wail,M
Rakia,F
Rakoucha,F
Rashid,M
Rokia,F
Saaid,M
Saddik,M
Salmane,M
Yaagoub,M
Youns,M
Zahir,M
Zaima,F
Abdallatif,M
Abdati,M
Abdeddaim,M
Abdedayem,M
Abdeddayme,M
Abdeddine,M
Abdelkouddous,M
Zaineb,F
Zayd,M
Abaih,F
Soufien,M
Soundous,F
Taib,M
Taibi,M
Tajeddine,M
Tawfiq,M
Walae,F
Widade,F
Abdel-alem,M
Yamena,F
Abdelattak,M
Arafat,M
Atimad,F
#NAME?,M
Abdassamad,M
Abdeamine,M
Abdechafi,M
Abdechahid,M
Abdechakour,M
Abdelkamel,M
Abdelbaqi,M
Abdelmajed,M
Abdeljalal,M
Abdeladem,M
Abdelfadel,M
Abdelfadil,M
Abdelghany,M
Abdelhafyd,M
Abdelhamed,M
Abdelhaque,M
Abdelhek,M
Abdelhi,M
Abdeljali,M
Abdeljawad,M
Abdelfetteh,M
Abdelghali,M
Abdelha,M
Abdelhakimameur,M
Abdelhamyd,M
Abdellaoui,M
Abdellati,M
Abdeljamal,M
Abdeljebber,M
Abdelkabyr,M
Abdellatyf,M
Abdelkaoui,M
Abdelkasem,M
Abdelmaksoud,M
Abdelmoujoud,M
Abdelmohsen,M
Abdelmouhaymini,M
Abdelmoumin,M
Abdelkahar,M
Abdelkaher,M
Abdelkarem,M
Abdeloifi,M
Abdeloihad,M
Abdelouadoud,M
Abdelouaheb,M
Abdelkayoum,M
Abdelouakil,M
Abdelouaret,M
Abdelouarith,M
Abdelqodous,M
Abdeluaab,M
Abdelwadoud,M
Abdelziz,M
Abdelkhaled,M
Abdennassir,M
Abderraouf,M
Abderrahma,M
Abderraja,M
Abderramane,M
Abderrassoul,M
Abdessamie,M
Abdesatar,M
Abdelmaleq,M
Abdelmourchid,M
Abdelmouttaki,M
Abdeltef,M
Abdeluahed,M
Abdelwakil,M
Abdenadi,M
Abdessamia,M
Abdezzahid,M
Abdi,M
Abdou,M
Abdouh,M
Abed,M
Abelghani,M
Abes,M
Abicha,F
Abidar,M
Abioui,M
Ablla,M
Abou,M
Aboudihaj,M
Abouelkacem,M
Aboulhassan,M
Aboulkacim,M
Abousalama,M
Aboutaleb,M
Abouzaid,M
Achir,M
Achouak,F
Achoucha,F
Abdellhak,M
Addi,M
Addil,M
Addou,M
Adiba,F
Adila,F
Adile,M
Adjou,F
Adlani,M
Adli,M
Adra,F
Adraa,F
Adrae,F
Afafe,F
Affaf,F
Affane,M
Afnane,F
Afraa,F
Agouzoul,F
Aguida,F
Ahamed,M
Ahbiss,F
Ahd,F
Ahjabbouha,F
Abdelmouhaimin,M
Abdelmounyim,M
Ahmadou,M
Abderrazeq,M
Abderrabi,M
Abdessattar,M
Abdelmawla,M
Abdlmajid,M
Abdourabbih,M
Abdrabbou,M
Abi,M
Abidi,UNKNOWN
Abouelssadmoulayr,M
Aboulkassem,M
Abtissam,F
Achik,M
Achoura,F
Aderdour,F
Adraoui,F
Adyl,M
Afnan,F
Afra,F
Ahaddout,UNKNOWN
Ahde,F
Ahlem,F
Ahlima,F
Ahmed aziz,M
Ahmed hamza,M
Ahmed jaouad,M
Ahmed mahmoud,M
Ahmed salek,M
Ahmed tijani,M
Ahmed zakaria,M
Ahmed zaki,M
Ahmed jamal,M
Ahmedlhassane,M
Ahmedrachid,M
Ahmid,M
Ahmidane,M
Ahmmad,M
Ahssaine,M
Aïcha,F
Aimad eddine,M
Aimen,M
Aioub,M
Aitali,M
Aitaddi,M
Aitahmed,M
Aitdaoud,F
Aithamou,UNKNOWN
Aitlahcen,M
Aitomar,M
Aittaleb,M
Ajiba,F
Akhadam,F
Akhrif,F
Akila,F
Alhassan,M
Al mahdi,M
Alahyane,F
Alaouialika,F
Alaouiatimazahra,F
Albachir,M
Alhasnae,F
Abdlouahed,M
Abousoufian,M
Abrakhoum,F
Achouaq,F
Adellah,M
Adham,M
Abderraziq,M
Afrokh,M
Aghrous,F
Ahmed chaouki,M
Ahmed nacer,M
Ahmed najib,M
Ahmed taha,M
Ahmedhouki,M
Ahmednah,M
Ahmedrida,M
Aiad,M
Aliahmed,M
Alima,F
Alouane,F
Alioui,M
Alla,M
Allae,M
Allali,M
Allam,M
Aly,M
Aichatou,F
Aisam,M
Aissaoui,M
Aitab,F
Aitidir,M
Aman,F
Amane,F
Amani,F
Amara,M
Ambark,M
Amer,M
Ameur,M
Ameziane,M
Amghar,M
Amhaouach,F
Amila,F
Amimi,M
Akil,M
Al mostafa,M
Al mostapha,M
Ala,M
Alaouihmed,M
Alaouimyelhassane,M
Alarbi,M
Albatoul,F
Abdoualkarim,M
Aboulkassim,M
Aboulwafa,M
Amina rochd,F
Aminatou,F
Amjad,M
Amor,M
Amr,M
Amra,F
Amrani,M
Amro,M
Amrou,M
Amzil,M
Anaya,F
Alibouche,M
Allami,M
Alloul,M
Altaf,F
Agharbi,F
Annas,M
Annayat,F
Anoual,F
Anouar mohamed,M
Anowar,M
Ansar,F
Ahardane,M
Ahmed aissam,M
Ahmed yassine,M
Ahmedou,M
Ahoussine,M
Aouicha,F
Aouiche,F
Aoulad haj ahmed,F
Aoulia,F
Aoussaf,F
Aoussar,M
Amatallah,F
Amazal,M
Aqqa,M
Arab,M
Arafa,M
Arbi,M
Archkik,M
Arhimou,F
Arij,F
Arkia,F
Asaad,M
Asad,M
Asarghin,F
Asiya,F
Aisha,F
Akrame,M
Alahiane,F
Alaouimohammed,M
Asmail,M
Asmea,F
Asri,F
Assaad,M
Assaadia,F
Assaid,M
Assal,M
Assem,M
Amir,M
Amjahed,M
Ammari,M
Ammi,M
Amrana,F
Assila,F
Assmae,F
Asya,F
Atef,M
Atik,M
Anir,M
Anisse,M
Atiqua,F
Atman,M
Attahir,M
Attika,F
Attoche,F
Ayachi,M
Ayah,F
Ayat,F
Ayda,F
Aydi,M
Aymad,M
Aoulaya,F
Aqqaoui,F
Araf,M
Arbiya,F
Arradi,M
Arwa,F
Asrih,F
Assemar,M
Asseya,F
Amchich,M
Azeddyn,M
Azelarab,M
Azeroual,M
Assimi,M
Azirar,M
Amhrref,M
Atae,F
Atia,M
Atidal,F
Attmane,M
Ayacha,F
Azizi,M
Azmi,F
Azougagh,M
Azouz,M
Azyz,M
Azza,F
Azzahra,F
Azziz,M
Azziza,F
Azzouhra,F
Baabbou,M
Baazizi,M
Baba,M
Bacha,F
Bachar,M
Bachraoui,M
Badder,M
Baddou,M
Badea,F
Badi,M
Alanti,F
Alaouiyali,M
Badiâ,F
Badii,M
Badir,M
Badouan,M
Badra,F
Baha,M
Bahaeeddine,M
Amyna,F
Ayssa,M
Alioua,F
Azar,M
Azhor,F
Bahaa,F
Bahae,F
Bahcine,M
Alou,M
Ansam,F
Bahloul,M
Bahri,M
Bahssine,M
Bahya,F
Bairouk,M
Bakir,M
Bakrim,M
Balkhir,M
Bamba,M
Bariki,M
Barka,M
Barnoussi,M
Barrane,M
Bassma,F
Bassam,M
Baya,F
Bayane,F
Bdelilah,M
Bderrazzak,M
Bedda,F
Bekkai,M
Bekkay,M
Belafkih,M
Belahcen,M
Belfaqir,F
Belghazi,M
Belghit,M
Belkas,F
Belkhir,M
Bellal,M
Bellari,M
Belqasim,M
Belqassem,M
Benkacem,M
Benachir,M
Benabbou,F
Benabdallah,M
Benabdelmalek,M
Benachour,M
Azzam,M
Azzaz,F
Benalla,M
Benamar,M
Benarab,M
Benayad,M
Benchrif,M
Bendahmane,M
Bengassem,M
Benhammou,M
Benizza,F
Benkaddour,M
Benkhadda,M
Benmoussa,M
Bennani,F
Benslimane,M
Bentaleb,F
Benyagoub,M
Benyamine,M
Bessam,M
Bezza,F
Bihi,M
Biya,F
Blaid,M
Boualem,M
Bouali,M
Bouamama,M
Bouamar,M
Bouameur,M
Bouanani,F
Bouasria,M
Bouayad,M
Assad,M
Bouazzaoui,M
Boucetta,M
Atar,F
Bouchikhi,F
Atmani,M
Attar,UNKNOWN
Azzi,M
Baadi,M
Bachchar,M
Bada,F
Badie,M
Bouchriha,M
Badrzzine,F
Bahi,M
Boudchar,M
Bouhlal,M
Boudriss,M
Boufalja,M
Boughaleb,M
Bougayou,F
Bougrine,M
Bouhcine,M
Bouhia,M
Bouhjar,M
Bouhou,M
Bouih,M
Bahmani,M
Boukacem,M
Boukhari,M
Boukhiar,M
Boukil,M
Boulnoir,M
Boumahdi,M
Boumehdi,M
Bounih,F
Bourhaba,M
Bourhim,M
Boushab,M
Boussaidi,M
Boussedra,M
Bousserrhine,M
Boussif,M
Boutahar,M
Az-el-arab,M
Bakar,M
Bakkali,F
Balsam,F
Bari,M
Barkohamed,M
Battah,F
Bdelkarim,M
Bedreddine,M
Boutaib,M
Boutayeb,M
Bouziane,M
Bouzid,M
Bouzzit,F
Bekkouch,M
Belabbes,M
Belfassi,F
Belid,M
Belatik,F
Belqiss,F
Benassou,M
Ben hadine,M
Benabderrahman,M
Benaicha,M
Anaama,M
Benallal,M
Benameur,M
Benbarek,M
Bencheikh,F
Benhaddou,M
Benhadi,F
Benhadia,F
Benlakbir,M
Bensalah,M
Bentayeb,M
Bentkhoualha,F
Benyahia,M
Benyahya,M
Besma,F
Billahohamed,M
Bnamghar,F
Bouamor,M
Aroua,F
Boubrahmi,F
Bachira,F
Badar,M
Brahim el khalil,M
Brahym,M
Braik,M
Brika,F
Btihaj,F
Camelia,F
Catherine,F
Chaabane,M
Chaabani,M
Chaibi,M
Chakir,M
Chada,F
Chadi,M
Chadli,M
Chafai,M
Chagdali,M
Chahba,F
Chahboun,M
Chahed,M
Chahinaz,F
Chahira,F
Chahlae,F
Chaikh,M
Bouchtaouia,F
Boucif,M
Boudaroua,F
Boudenni,UNKNOWN
Bahlaoui,F
Barek,M
Bdellatif,M
Bouhaja,M
Bouhid,F
Bouhsine,M
Bouhya,M
Benlarbi,M
Belgassem,M
Belkacim,M
Benabdelouahab,M
Benjelloun,F
Benmohamed,M
Bernoussi,M
Boukhbiz,F
Boulahbache,F
Boulahia,M
Boulman,M
Bounaim,M
Bounoua,F
Bourase,M
Bousbaa,M
Bousserghine,M
Boussetta,M
Boutahir,M
Boutaleb,F
Chakira,F
Chamia,F
Chams doha,F
Chanaze,F
Chane,F
Chaouch,M
Chahrazed,F
Chawki,M
Cheddadi,M
Chefae,F
Chegdali,M
Chehrazad,F
Chems doha,F
Cherine,F
Cherkaoui,M
Cherkaouia,F
Cherki,M
Chifae,F
Chihab,M
Chihab eddine,M
Chorouq,F
Chouaa,M
Chouhra,F
Choumissa,F
Daday,M
Daddah,M
Dahmane,M
Dahbia,F
Azima,F
Brahim essalem,M
Brahim khalil,M
Carima,F
Daouia,F
Daidih,M
Dakae,F
Dalale,F
Dami,F
Damia,F
Daoui,M
Darja,F
Dayaa,F
Dekra,F
Demnatiatifa,F
Derkaoui,M
Derraji,UNKNOWN
Derrouich,M
Deyae,F
Diaa,F
Chafiya,F
Dinar,M
Djemaa,F
Djilali,M
Dkhil,M
Doaa,F
Doae,F
Donya,F
Doua,F
Douaae,F
Draimiza,F
Drifa,F
Driouich,M
Boughaba,M
Charaf iddin,M
Boulhaj,M
Boullayl,UNKNOWN
Bousmaha,M
Chehrazed,F
Chelhaoui,M
Cherradi,M
Chifaa,F
Chighali,M
Chima,F
Chimilli,F
Chirihane,F
Chirine,F
Choayb,M
Dahab,F
Dahan,M
Dakir,M
Damaha,F
Darkaoui,F
Dehane,M
Dghoughi,M
Dhiba,F
Dirar,M
Diya,F
Drisse,M
Drissi,M
Dyae,F
Ebtissam,F
Echchaibia,F
Echaimae,F
Echarki,M
Echchaabia,F
Ech-chadli,M
Echcharif,M
Eddaoudi,M
Eddahbi,M
Elidrissi,M
Ekram,F
Elabbes,M
El hamdaoui,M
El ajla,F
El akhdar,M
Elamrani,M
Elaouni,M
Elayadi,M
Elazhar,M
Elaziza,F
Elbakkali,M
El bchara,F
El bouchtaouia,F
Elfadil,M
Elfatmi,M
El ghadfa,F
El ghalya,F
Elghazouani,M
Elhachmia,F
Elhafid,M
El hajja,F
Douja,F
El hosni,M
Elhouria,F
Elkamel,M
El kantaoui,M
Elkettani,M
El khal,F
Draoui,UNKNOWN
El khalladi,M
Elkhamis,M
El khamsa,F
El khansa,F
El khansae,F
Elkhaoua,F
El khatir,M
Elkouchia,F
El m feddal,M
El maalem,M
El maarouf,M
Elmabrouk,M
Bahnini,M
Bammou,M
El meskini,M
Elmiloudia,F
Benatia,F
El mountassir,M
El moutaraji,F
Eloili,M
El orch,M
El ouali,M
Elouazzani,M
El walid,M
Elaarbaoui,F
Elarfaoui,M
Eladda,F
Eladi,M
Eladlouni,M
Elahcen,M
Elaid,M
Elmajid,M
Elalaoui,F
Elalaouihamed,M
Elalaouiimohamed,M
El-amarty,M
Elansari,M
Elaoussi,M
El-araby,M
Elaroui,F
Elassali,M
Echafai,M
Echaibia,F
Echchad,M
Bouaich,M
Elati,M
Elatifi,M
Elatrach,F
Elayd,M
Elaydia,F
Elazzouzi,M
Elbakkay,M
Elbakkouri,F
Elbakraoui,F
Elbekkai,M
Elbilali,M
Elbir,M
Elbouanani,M
Echarif,M
Eddah,M
Eddahbia,F
El alaouiarima,F
El alji,F
El bakay,M
Elbouazzaouia,F
Elbouhali,M
Elbouzaidiabia,F
Elbouzaidiohamed,M
Elidrissihmed,M
Eldrissiaziza,F
Eldrissibrahim,M
Eldrissihamid,M
Elidrissiatifa,F
Eldrissizineb,F
Elfarissi,F
Elfathi,F
Elfen,F
Elfilali,M
Elghaouti,M
El-ghazoini,M
Elhabti,M
Elhaddad,F
Elhaddaouia,F
Elhaddar,F
El khader,M
Elhadjohamed,M
Elhafiane,M
Elhajjami,M
Elhajoui,F
El hamdouni,M
Elhame,F
Chahbi,F
El boukhary,M
El fane,F
El hani,M
Elhassanialika,F
Elhassanihalid,M
Elkhattabi,M
Elhilali,F
Elhimer,M
El hassen,M
El hosayn,M
El houssayne,M
El-houm,M
Elhraiki,M
Elias,M
Elid,M
Elidrissiallafatima,F
Eldrissimustapha,M
Elkaida,F
El kaima,F
El kamal,M
El khadem,F
El khlifia,F
El menouer,M
El mestafa,M
El mobarik,M
Elmourabit,M
Elkhamsi,M
Elkhansaa,F
Elkil,M
Elkouche,M
Elkouri,M
Elkouria,F
Elmaalouma,F
Elmahdy,M
Elmansouri,M
Elmehjoub,M
Elmejahed,M
Elmekaoui,F
Elmesbahi,F
El-mhamdi,M
Bourane,M
Elmohib,M
Eloifi,M
El ouassini,M
Elrhezouani,M
El yass,M
El yousfi,F
Elabdi,M
Elachra,M
Elahi,M
Elahrache,F
Elaj,M
Elmouatassim,M
Elmoufaddala,F
Elmourabet,M
Elmoussaoui,M
Elmoustaid,M
Chakiba,F
Charqi,M
Elalem,M
Elallali,M
Elamraoui,F
Elamria,F
Elarousy,M
Elassassi,F
Chater,F
Elomari,UNKNOWN
Elotmani,F
Elouardi,M
Elouahabi,M
Elrbi,M
Elrhaouti,M
Elwafi,M
Elyaagoubi,M
Elyakoubi,F
Elayady,M
Elbaida,F
Elbaz,M
Elbourkadi,M
Elbousaadani,F
Eldrissielhassane,M
Eldrissifatima,F
Elfekkak,M
Elghabbar,F
Chemeseddine,M
Chemseddouha,F
Cherihane,F
Cherqaoui,M
Elharrak,M
Elharti,M
Emad,M
Ennaji,M
Ennajem,M
Ennasser,M
Ennouri,M
Enssaf,F
Entissar,F
Errabab,F
Erraddad,M
Errafia,F
Errahhali,M
Errami,M
Errasmaouy,M
Erriani,M
Es sarhir,M
Esseddik,M
Essafia,F
Essaadouni,F
Dadda,F
Dahchour,F
Dahi,F
Essabbar,M
Essadek,M
Essadiq,M
Essadyq,M
Essafi,F
Essaghir,M
Essalha,F
Essalih,M
Essalka,F
Essalma,F
Esserrhini,M
Ettohami,M
Ettaher,M
Ettijani,M
Dallal,F
Darbali,F
Deae,F
Ettahar,M
Ettahra,F
Ettijania,F
Ezahya,F
Ezzoubair,M
Ezzahir,F
Ezzaki,M
Ez-zaouin,M
Ez eddine,M
Ezzehra,F
Ezzine,M
Ezzitouni,M
Fadal,M
Faddoul,M
Fadia,F
Douhou,M
Elhassaniaaziza,F
Elhassaniatifa,F
Elhassaniohamed,M
Elhassanissia,F
Elhosnia,F
Elhou,M
Fadili,F
Fadlallah,M
Fadoi,F
Fadya,F
Fahfouhi,F
Fahima,F
Fahmi,M
Faiçal,M
Faicel,M
Faika,F
Fakhita,F
Fakhreddine,M
Falah,F
Falak,F
Fama,F
Faraji,M
Fardous,F
Fares,M
Faress,M
Farha,F
Farhat,M
Dyaelhak,M
Ebrahim,M
Ehsan,F
El aich,M
El barhdadi,M
El bekal,M
El fakak,M
Fariha,F
Farouk,M
Faska,M
Fateh,M
Fatemazohra,F
Fatih,M
Eliass,M
Elkhiati,M
Elkhomsi,M
Elkissi,M
Elmajdoub,M
Elmakkaoui,F
Elmamia,F
Elmaslouhi,F
Elmassoudi,M
Elmin,M
Fatim,F
Elmouloudia,F
Elmoutaouakil,F
Elmsaddek,M
El mardi,F
El massira,F
El mastaly,UNKNOWN
Elouadha,F
Elyahyaoui,M
Elyas,M
Embarek,M
Embarka,F
Ennaciri,F
Ennajma,F
Ennassiri,F
Errachid,M
Erradi,M
Errahmouni,F
Errajraji,M
Erreddad,M
Erregraguy,M
Es salem,M
Esaid,M
Elmesnaoui,M
Elalja,F
Elghazal,M
Elhabbari,F
Essalek,M
Essarghini,M
Essbai,F
Chiaa,M
Ezzaher,M
Ezzahid,M
Ezzitounia,F
Fadda,F
Fadela,F
Fadim,M
Elhadia,F
Elhafad,M
Choumous,F
Dadi,F
Dafir,F
Fahim,M
Faida,F
Elidrissibdallah,M
Elkaoui,F
Elkarkour,M
Fatima amal,F
Fatima cherifa,F
Ellia,F
Elmaria,F
Elmenouar,M
Fala,F
Fanna,F
Fannane,F
Faraj,M
Elmouaddine,F
Farrah,F
Enaji,M
Erradya,F
Es-sady,M
Essayah,F
Esseddiq,M
Et taj,M
Fatimatou,F
Echahid,M
Eddaoudy,M
Eddine,M
Ehjabouha,F
Fadloullah,M
Fatmi,M
El bahloul,M
Fattah,M
Fattama,F
Fattoum,F
Fawzi,M
Fawzia,F
Faycel,M
Fayssel,M
Fdil,M
Feddoul,M
Fekkak,M
Fekkar,F
Fellah,F
Ferdaws,F
Fethallah,M
Fethi,M
Fethya,F
Fettah,M
Fettema,F
Fettoum,F
Fidae,F
Filali,M
Firas,M
Firdawss,F
Fnina,F
Fouade,M
Fouzi,M
Fahid,M
Elmastapha,M
Farahe,F
Farhane,F
Fatene,F
Fozia,F
Gajmoula,F
Gamal,M
Ghada,F
Ghailan,M
Ghali,M
Ghanem,M
Ghannou,F
Ghassane,M
Ghaytha,F
Ghazali,M
Ghazi,M
Ghazlan,F
Ghdifa,F
Ghelana,F
Ghaita,F
Elamrimohammed,M
Ghizlene,F
Ghyta,F
Ghyzlene,F
Ghzala,F
Guabbal,F
Guizlane,F
Ha,M
Habboubi,M
Hachchouma,F
Hachmia,F
Hada,F
Hammani,M
Hadbae,F
Fatima ezzahr,F
Haddi,M
Haddia,F
Hadi,M
Hadia,F
Hadija,F
Hadil,F
Hadine,M
Hadri,M
Hadria,F
Hadya,F
Hafed,M
Elberkaoui,M
Eleki,M
Hafidi,M
Hafsae,F
Hafyda,F
Haiat,F
Haiba,F
Haida,M
Haidar,F
Hajir,M
Hajira,F
Hajja,F
Hajjaj,M
Hajjar,F
Hajjer,F
Hajjouba,F
Eljaouhari,M
Hakime,M
Hakyma,F
Halla,F
Hallouma,F
Hamad,M
Hamama,F
Hamass,F
Hamd,M
Hamdaoui,M
Hamdoun,M
Fattouch,F
Fellaki,M
Fettima,F
Fouaad,M
Hamide,M
Hamidi,M
Hmidou,M
Hamma,M
Hammada,M
Hammam,M
Hammed,M
Hammouda,M
Hammouohamed,M
Hamri,F
Hamyd,M
Ftima,F
Ftimou,F
Ghalib,M
Gharbaoui,F
Ghlaila,F
Ghoussoune,F
Ghrib,M
Gihane,F
Habiballah,M
Hacene,M
Hachima,F
Hadbaa,F
Haddouch,M
Hadile,F
Hadjabdellah,M
Hadjohamed,M
Hafdallah,M
Hamzah,M
Hanafi,M
Fdal,M
Fedila,F
Hanana,F
Hagar,F
Haj,M
Hani,M
Hania,F
Hanifi,M
Hanin,F
Hanina,F
Hanine,M
Haniya,F
Hannou,F
Hanya,F
Harach,F
Harouch,M
Hassiba,F
Hajara,F
Hajji,M
Hajri,M
Ghandi,M
Ghaouti,M
Halimi,F
Hallou,M
Halyma,F
Haajar,F
Habibi,M
Hammoucha,F
Hamouahcen,M
Haddy,M
Haiate,F
Hattab,M
Hansali,F
Harazem,M
Halaa,F
Hayat ennoufous,F
Hayet,F
Hayoun,F
Haytam,M
Hazim,M
Hbibi,M
Hdidou,F
Hecham,M
Hedda,F
Hend,F
Henia,F
Heniya,F
Hennou,F
Heragua,M
Hfid,M
Hibatallah,F
Halima es sadia,F
Hamas,F
Hamimid,M
Hikma,F
Himmoud,M
Hammoudada,M
Hammouch,M
Fatihi,M
Hinda,F
Hindou,F
Hirchoua,M
Hisham,M
Hjabouha,F
Hjoub,M
Hlima,F
Hmed,M
Hmidane,M
H'nia,F
Hnini,F
Hnya,F
Houdaifa,M
Hoummad,M
Hommane,M
Horia,F
Horma,M
Hosna,F
Hosni,M
Hounaida,F
Hassib,M
Hoummada,M
Hatime,M
Hoyam,F
Hra,F
Hrich,F
Hro,M
Hrou,M
Hsain,M
Hyba,F
Ibrahym,M
Hayfae,F
Hibah,F
Içam,M
Ichou,M
Idder,M
Iddir,M
Idrys,M
Idsaid,F
Ihdih,M
Iimad,M
Ikbal,F
Ikhalihna,M
Ikramallah,F
Iliace,M
Hichem,M
Hilmi,M
Imade,M
Imam,M
Hjaiba,F
Hmahma,M
Hmamou,M
Hmmad,M
Hounayda,F
Imene,F
Imrane,M
Inaam,F
Inane,M
Iqbal,F
Isaad,F
Ishak,M
Islame,F
Israa,F
Issaad,F
Issam eddine,M
Isslah,F
Itab,F
Ittou,F
Izdihar,F
Izeddine,M
Izza,F
Izzi,F
Jabar,M
Jabir,M
Jabrane,M
Jabri,M
Jad,M
Jaefar,M
Jafar,M
Jai,M
Jalal eddine,M
Jalil,M
Jalloul,M
Jama,F
Hynd,F
I laila,F
Iaich,M
Idlmaalm,M
Idrissiohamed,M
Hazar,F
Jamalabdennaceur,M
Jamale,M
Jamel,M
Jamia,F
Jammaa,M
Jammoua,M
Janah,M
Janane,F
Jannat,F
Fatimahouria,F
Jaouad mohamed,M
Jaouhara,F
Jaria,F
Jassim,M
Jawahir,F
Jawhar,M
Jawhara,F
Jazila,F
Jebbar,M
Jennate,F
Jema,F
Jemia,F
Jemiaa,F
Jerrari,F
Jilane,F
Hidaya,F
Jilani,M
Jmaa,F
Jmaiaa,F
Jmia,F
Jouda,F
Jouhaina,F
Joumala,F
Kabba,F
Kabbour,M
Kabboura,F
Kabil,M
Kabir,M
Kacemi,F
Kadiri,M
Kaima,F
Kalima,F
Faty,F
Fetah,M
Fida,F
Kamalia,F
Kamel,M
Kamelia,F
Kandil,F
Kaoukab,F
Kaoukeb,F
Imohamed,M
Imzilan,F
Ines,F
Hosam,M
Iraoui,F
Kaouter,F
Karam,M
Karbali,M
Housain,M
Karime,M
Karyma,F
Kasem,M
Kassimi,M
Kasmia,F
Kassem,M
Kassib,M
Kassou,M
Katar ennada,F
Katiba,F
Isshak,M
Iymane,F
Izzana,F
Jaafer,M
Jahid,M
Jahida,F
Hsein,M
Iaaiche,M
Kawtara,F
Kawter,F
Kbibchi,F
Kbira,F
Ghoutia,F
Jamae,M
Kessou,M
Khadda,F
Habil,M
Ihia,M
Jamal mohammed,M
Jaoid,M
Jaoua,M
Jarmoune,M
Jbilou,M
Jennane,F
Jlil,M
Jmeaa,F
Jouhayna,F
Jouila,F
Kamaria,F
Khadijatou,F
Khadir,M
Khaidouma,F
Khaira,F
Khallaf,M
Khaldoun,M
Hajkabbour,M
Karoum,M
Kasmi,F
Kebbou,M
Kettou,F
Khachane,M
Khlifi,M
Khalihanna,M
Khalija,F
Khalila,F
Khaloua,F
Khamali,M
Khansae,F
Khatri,M
Khatib,M
Khattab,M
Khayatia,F
Khayi,F
Khella,M
Khnata,F
Khiati,M
Khitam,F
Khlafa,M
Khouya,M
Kouria,F
Kout el kouloub,F
Koutaiba,M
Krimou,M
Labiad,M
Laalia,F
Laamari,M
Laanaya,M
Laaroussi,M
Laasri,F
Layadi,M
Labchir,F
Labib,M
Lahbiba,F
Labsir,M
Lachguer,M
Laeila,F
Laghdaf,M
Laghlimi,M
Laghnimi,M
Lahboub,M
Jaoued,M
Jaridi,F
Jeddi,M
Jemea,F
Lahdia,F
Lahfid,M
Lahjila,F
Lahlalia,F
Lahmar,M
Lahmer,F
Lahmidi,M
Lahna,M
Lahouari,M
Lahouaria,F
Joumana,F
Kamale,M
Kamil,M
Kamla,F
Khald,M
Laiachi,M
Laidia,F
Lailla,F
Lakbira,F
Lakbyr,M
Lakhlifa,M
Lakhder,M
Lakhlafa,M
Lakhlifi,M
Lakhmam,F
Lala madiha,F
Lallanazha,F
Lalla atika,F
Lalla batoul,F
Lalla bouchra,F
Lalla chadia,F
Lallafouzia,F
Lallafatiha,F
Lalla ghlana,F
Lalla habiba,F
Lalla hafsa,F
Lalla jamila,F
Lalla keltouma,F
Lallakhaddouj,F
Lalla lamia,F
Lalla mahjouba,F
Lallamariem,F
Lalla najat,F
Lallanezha,F
Lallanouzha,F
Lallarabia,F
Lalla rachida,F
Lalla raja,F
Lalla safae,F
Lalla safia,F
Lalla saida,F
Lalla soumaya,F
Lalla zohra,F
Lallaabbouche,F
Lallanadia,F
Lallaassia,F
Lallacharafa,F
Lallaelbatoul,F
Lallaelghalia,F
Lallaelhassania,F
Lallaghita,F
Lallailham,F
Lallalaila,F
Lalla hachmia,F
Lallatouria,F
Lallarhita,F
Lalla samira,F
Lallasouad,F
Lamfadel,M
Lamghari,M
Khalyd,M
Khaola,F
Khaddaj,F
Lamin,M
Khaoulae,F
Kharouach,F
Khayat,M
Kouma,F
L hou,M
L khalil,M
Laamiri,M
Lachkar,F
Lafdil,M
Lafkir,M
Lamjid,M
Lamkadem,M
Lamnouar,M
Lamrini,F
Larabas,M
Laraj,M
Lahlou,F
Lazrak,F
Lebna,F
Lebsir,M
Lehbib,M
Lahssini,M
Lemfaddal,M
Lemfedel,M
Lemnouar,M
Leyla,F
Lghalia,F
Lhacen,M
Lhadi,M
Lhadj,M
Lhaj mohamed,M
Lhajahcen,M
Lham,F
Lhcen,M
Lhoussayne,M
Limame,M
Lmadani,M
Lmastapha,M
Lmokhtar,M
Lojaine,F
Lotfallah,M
Louadoudi,M
Laïla,F
Lakhal,M
Lalla hanae,F
Lala sanaa,F
Lalthoum,F
Lalia,F
Lalla,F
Lalla ghizlane,F
Lallahachoum,F
Lalla najia,F
Lalla radia,F
Lalla saoud,F
Lalla soumia,F
Lallazoubida,F
Louazna,F
Loubaba,F
Lallaherifa,F
Lallahiba,F
Lallalekbira,F
Lallamarka,F
Lallasakina,F
Lallazoulikha,F
Lamaachi,M
Lamkadmi,F
Lamlih,M
Loubnae,F
Loud,M
Louhou,F
Lyakout,F
Lyamani,M
Lyazid,M
Lynda,F
Lamrabet,M
Landa,F
Mofadal,M
M hand,M
M mammed,M
Moujahid,M
Mfedla,F
Maalaynine,M
Maamar,M
Maazouz,F
Maazouza,F
Mabchour,F
Mabrouk,M
Machich,M
Madani,M
Madkour,M
Magboula,F
Mahacine,F
Mahboub,M
Mahbouba,F
Mahdi,M
Mahfouda,F
Mahir,M
Khalika,F
Maissaa,F
Maissae,F
Maissoun,F
Majed,M
Majidi,F
Makhlouf,M
Makhtari,M
Malaid,F
Malak,F
Malek,M
Malica,F
Malik,M
Larhnimi,M
Lasfar,M
Latif,M
Khechane,M
Laala,F
Labadaoui,M
Labyad,UNKNOWN
Laela,F
Lahaucine,M
Malla,F
Malyka,F
Mamass,F
Mamma,F
Mamou,M
Manaf,M
Manane,F
Manare,F
Manni,F
Mansoura,F
Maoulainine,M
Lahjouji,F
Maragui,UNKNOWN
Marhnia,F
Leilla,F
Lemia,F
Lenda,F
Lghali,M
Marim,F
Mark,M
Marka,F
Ibtissama,F
Limam,M
Limia,F
Lmaati,M
Lmehdi,M
Lmustapha,M
Louai,M
Louazani,M
Ikbale,F
Lakrami,M
Lalla hayat,F
Lalla ouafa,F
Lalla sarra,F
Lallacharifa,F
Louisa,F
Loukili,M
Loussaine,M
Loutfia,F
Lubna,F
Lallamaryam,F
Lallanafissa,F
Lamaime,F
Maryemma,F
Marzouka,F
Maskouri,F
Massaoud,M
Massouda,F
Masser,M
Massira,F
Mati,M
Mawahib,F
Maya,F
Mayssaa,F
Mayssae,F
M jid,M
Mbirik,M
Madan,M
Mekkaoui,M
Mekdad,M
Meki,M
Mekka,F
Melaid,F
Meliani,M
Mellouk,M
Menouar,M
Mereim,F
Meriama,F
Meriema,F
Meroine,M
Merwan,M
Meryama,F
Majd,M
Merym,F
Merzouk,M
Mesbah,M
Meziane,M
Mezouar,M
Mfedel,M
Mfiddal,M
Mghait,M
Mhaijiba,F
Mhalla,F
Mhamd,M
Makram,M
Malhi,F
Mhand,M
Mhaned,M
Mhani,F
Lemaachia,F
Lemiae,F
Lhachmia,F
Minatou,F
Mira,F
Miriam,F
Mital,F
Mjid,M
Mydriss,M
Jalale,M
Mamas,F
Mamia,F
Mammassa,F
Lkbir,M
Lmahjoub,M
Loughlimi,M
Loqmane,M
Mouatassim,M
Mofaddala,F
Mofdi,M
Moufida,F
Moh,M
Mohabenli,M
Mand,M
Mane,M
Manina,F
Marbouh,M
Mardia,F
Marghad,UNKNOWN
Loubni,F
Maaroufi,M
Maftah,M
Mahmoud amine,M
Maida,F
Massine,M
Mastouri,F
Maymouna,F
Majdah,F
Majdeline,F
Mbirek,M
Meftah,M
Mehdi amine,M
Mehjoub,M
Mejidou,M
Menna,F
Menni,F
Mamar,M
Meryema,F
Mghari,F
Maroi,F
Miftah,M
Marria,F
Kamal mohamed,M
Mataich,F
Merim,F
Mkaltoum,F
Mohaled,M
Mohame,M
M'fadla,F
Mhammedismail,M
Mimun,M
Mohamedabdelilah,M
Mohamedabdelouahab,M
Mohamed abdennassar,M
Mohamed abderrahmane,M
Mohamed cheikh,M
Mohamed el fadil,M
Mohamed el mokhtar,M
Mohamed erradi,M
Mohamed faouzi,M
Mohamed hamza,M
Mohamed hani,M
Mohamed ilyas,M
Mohamed laghdaf,M
Mohamed lhadi,M
Mohamed limam,M
Mohamed nassim,M
Mohamed nezar,M
Mohamed nouamane,M
Mohamed oulhoussain,M
Mohamed sadiq,M
Mohamed taky allah,M
Mohamedabderrahim,M
Mohameddou,M
Mohamed farid,M
Mohamedfathllah,M
Mohamed jawad,M
Mohamedmiloud,M
Mohamedouchdi,M
Mohammad alamine,M
Miryam,F
Myyoussef,M
Moha  m'hamed,M
Mohammed anwar,M
Mohamed aymane,M
Mohammed el hadi,M
Mohammed el jaouad,M
Mohammed faycal,M
Mohammed mounir,M
Mohammed mounsif,M
Mohammed ou lghazi,M
Mohamed salah eddine,M
Mohammed sifedddine,M
Mohammed soufiane,M
Mohammed taj eddine,M
Mohammedabdelaziz,M
Mohammeddris,M
Mohammedlotfi,M
Mohammedramadan,M
Mohammed tahar,M
Mohammedyahdyh,M
Khlil,M
Mohieddine,M
Mokhless,M
Mokhlis,M
Mokhtaria,F
Moncef,M
Monia,F
Monim,M
Mossaab,M
Mostafa amine,M
Mouatamid,M
Mouaouine,M
Mouataz,M
Mohammed bensalem,M
Mohamed m'barek,M
Mouhib,M
Mouhja,F
Mouhou,M
Moujib,M
Moulaid,M
Moulati,F
Moulay,M
Mohamed najem,M
Mohamed omar,M
Mohamed rabie,M
Mohamed riad,M
Mohamed seddik,M
Mohammed tarik,M
Mohamed yahya,M
Mohamed zouhair,M
Mohamed badr,M
Mohamedbadreddin,M
Moulay abdelhakim,M
Moulayabdelkebir,M
Moulay abdelkader,M
Moulay abdelkhalek,M
Moulaybdelmajid,M
Moulay el mamoune,M
Moulay el mostafa,M
Moulay elbachir,M
Moulay lakbir,M
Moulay hicham,M
Moulaylhoussaine,M
Moulaymbarek,M
Moulayseddiq,M
Moulay sliman,M
Moulay taher,M
Moulaytayeb,M
Moulay yassine,M
Moulayabdelghani,M
Moulayabdelmalek,M
Moulayabdelwahad,M
Moulay abderrahim,M
Moulayabdessadeq,M
Moulayelfadel,M
Moulayelhadi,M
Moulayelhalid,M
Moulayennabaoui,M
Moulayjaafar,M
Moulay lahoucine,M
Moulaymamoun,M
Moulaytahar,M
Moulida,F
Mouline,M
Mohamedzinelabidine,M
Mouma,F
Moumen,M
Moumna,F
Mounji,M
Mohamed abdel fattah,M
Mohamed andallah,M
Lala,F
Lalla salka,F
Mohamed brahim,M
Mohamed hicham,M
Lallanisrine,F
Lallawafaa,F
Mouslih,M
Mouslim,M
Moussaid,M
Moussaoui,F
Moustaid,F
Moutia,M
Mrim,F
Mrima,F
Mssassi,F
Mustapha amine,M
Mutapha,M
My  abdeljalil,M
My  abdelkrim,M
Myabdellatif,M
Myabderrahmane,M
My hachem,M
Mylarbi,M
Myabdelhafid,M
Myabdelkader,M
Myabdelouahed,M
Myabdessamad,M
Myeladi,M
Myelustapha,M
Myhamid,M
Myicham,M
Mylahoucine,M
Mylkbir,M
Naaima,F
Naayma,F
Nabia,F
Nabih,M
Nabiha,F
Nacer,M
Nacereddine,M
Nacim,M
Nacima,F
Nacir,M
Naciri,M
Nadim,M
Nadine,F
Nadoua,F
Naema,F
Nafiaa,F
Nafie,M
Nafii,M
Nahed,F
Nahila,F
Naiema,F
Naila,F
Mohammed el ghait,M
Mohammed elkaber,M
Mohammed iqbal,M
Mohammedabdelkader,M
Mohib,M
Lutfi,M
Montaha,F
Monya,F
Mortada,M
Mossaddak,M
Naime,M
Naimi,M
Najam,M
Mohammed dhafir,M
Mohammed oussama,M
Mohaouaddou,M
Mohdach,M
Mohdi,M
Mohja,F
Motaouakil,M
Motya,UNKNOWN
Mokhlissa,F
Mouflih,M
Mouhat,M
Najet,F
Moulay elazid,M
Moulay rahal,M
Moulay salah,M
Moulayabdellatif,M
Moulaybbes,M
Moulaykhalifa,M
Moulaylmokhtar,M
Najida,F
Najih,M
Najime,M
Najji,M
Najla,F
Najma,F
Najoi,F
Najoia,F
Namir,M
Naoil,F
Moulayrida,M
Moulayseddik,M
Moulay thami,M
Narimane,F
Naser,M
Nasma,F
Nasraoui,F
Nasrin,F
Nassar,M
Nasser,M
Nasserdine,M
Nassif,M
Nassir,M
Natija,F
Mouanis,M
Moueniss,M
Moghnia,F
Nawale,F
Nawar,F
Nawfal,M
Nawfel,M
Nayra,F
Neama,F
Nedal,F
Neffati,M
Neftaha,F
Neima,F
Nessraddine,M
Moulay abdelhamid,M
Moulay anass,M
Moulay el mokhtar,M
Mouzdalifa,F
Niaama,F
Niamat,F
Nidae,F
Niema,F
Nihade,F
Nihale,F
Nima,F
Nisryne,F
Nizare,M
Njoud,F
Noama,F
Moumouh,M
My abdelhakim,M
My lahbib,M
Myabdallah,M
Myabdelhak,M
Myabdelmalek,M
Myali,M
Myessaid,M
Myisliman,M
Mayloud,M
Morchid,M
Mourid,F
Mouti,M
Nour el imane,F
Nousayba,F
Nouama,F
Nouemane,M
Nouh,M
Nouhad,F
Mysdaid,M
Naaim,M
Noujoud,F
Noumidia,F
Nounja,F
Nour,F
Nabile,M
Nabyl,M
Maslouh,M
Nadda,F
Nader,M
Nadera,F
Nadi,M
Mbareke,M
Nadifa,F
Nadifi,M
Nafia,M
Myabdelmajid,M
Myahar,M
Naaila,F
Nachit,F
Nourhane,F
Nouri,M
Nouria,F
Noussaima,F
Nozha,F
Ntissar,F
Nuzha,F
Nzha,F
Obaida,M
Obbad,M
Ohammed,M
Oihiba,F
Olaya,F
Omama,F
Naïma,F
Naiyma,F
Meyem,F
Omari,M
Oumhani,F
Omlamnine,F
Oqba,M
Osama,M
Osmane,M
Oulahcen,M
Ouabou,M
Ouadii,M
Ouadoudi,M
Ouafi,M
Ouafila,F
Ouahid,M
Ouanissa,F
Najibmohamed,M
Najiha,F
Najjya,F
Ouassila,F
Ouassef,M
Ouaziz,M
Ouazou,M
Oubaid,M
Ouejdane,F
Ouessal,F
Oufaa,F
Oufir,M
Oufkir,M
Nama,F
Nafaa,M
Nafiss,M
Nahli,F
Ouidiane,F
Ouidyane,F
Oulaia,F
Oulfa,F
Oulfat,F
Oum el ghait,F
Naoul,F
Naouras,F
Nargiss,F
Oumar,M
Oumkoultoum,F
Oumlakhout,F
Oumnia,F
Ounacer,M
Ourda,F
Ousaid,M
Oussous,M
Outalb,M
Qaddour,M
Qamar,F
Rababe,F
Rabeh,M
Rabhi,M
Naual,F
Rabiae,M
Rabie,M
Rabiha,F
Rabiy,M
Racha,F
Nbarch,M
Nejmeddine,M
Nerjess,F
Nguia,F
Nidale,F
Nissa,F
Nard,F
Narjes,F
Nasr,M
Nouar,F
Nouara,F
Noudar,F
Nazek,F
Neddal,M
Nehad,F
Nine,M
Nkhili,M
Noria,F
Rachyd,M
Rachyda,F
Radad,F
Raddad,M
Radiya,F
Radwane,M
Rafea,F
Rafiq,M
Rahhou,M
Rahim,M
Rahmoun,M
Rahmouna,F
Raho,M
Rahou,M
Raida,M
Raihana,F
Rihane,F
Nouressadate,M
Nzaha,F
Okba,M
Olfa,F
Rajat,F
Raji,M
Rajia,F
Rakiya,F
Rakouch,F
Rammach,F
Rami,M
Ramia,F
Ramzi,M
Ranya,F
Raouia,F
Raouf,M
Raquia,F
Rayane,M
Rayhana,F
Razane,F
Razika,F
Razouki,M
Oifaa,F
Redda,M
Reddad,M
Redoine,M
Redwane,M
Regragui,M
Rehab,F
Reiyad,M
Reqia,F
Requia,F
Omarfarouk,M
Omelfadli,F
Omnia,F
Rghia,F
Rguibi,M
Rhada,F
Rhajbal,M
Rhalia,F
Rhalimi,F
Rhanem,M
Rhania,F
Rhazouani,F
Rhezlane,F
Rhimo,F
Rhzala,F
Riahi,M
Ridoine,M
Rihabe,F
Riham,F
Rima,F
Rime,F
Rita,F
Riyad,M
R'kia,F
Rkiya,F
Rkya,F
Romayssae,F
Roqia,F
Roquia,F
Roudaina,F
Rouhia,F
Roukia,F
Roumaissae,F
Rqia,F
R'qia,F
Rqiya,F
R'quia,F
Saada,F
Saadani,F
Saadellah,M
Ouahida,F
Ouakil,M
Ouarhou,M
Ouatif,F
Oucheikh,M
Ouchrif,M
Oueam,F
Ouhaddou,M
Ouhmad,M
Oomar,M
Oulhou,M
Ouliya,F
Oualibderrahman,M
Ouameur,F
Oubassou,M
Ouchen,UNKNOWN
Oucherrou,F
Oumaymah,F
Oumlbanine,F
Oumeyma,F
Ouifak,F
Ounsa,F
Sabbah,F
Sabiha,F
Sabra,F
Sabri,M
Sad,M
Sada,F
Saddam,M
Sadek,M
Sadeq,M
Sadia,F
Sadika,F
Sadiq,M
Oum el fadel,F
Oum saad,F
Ouzza,F
Saed,M
Saeda,F
Quamar,F
Rabei,M
Safi,M
Ouroud,F
Safoua,F
Safouane,M
Safwane,M
Saghir,M
Sahar,F
Sahla,F
Sahraoui,M
Oussiddan,M
Qouider,M
Rabh,M
Raby,M
Rabyaa,F
Rached,M
Saïd,M
Saide,M
Saidi,M
Saidramadan,M
Saif,M
Saif el islam,M
Saif islam,M
Saih,M
Saiyd,M
Sajida,F
Sakhr,M
Salam,M
Salama,F
Saleh eddine,M
Salh,M
Salha,F
Salih,M
Salime,M
Salk,M
Salka,F
Sallah,M
Sallam,M
Salmaa,F
Salmi,M
Salmou,F
Saloi,F
Saltana,F
Samera,F
Sami,M
Samiae,F
Samih,M
Racima,F
Mohamed abdelhay,M
Rafiaa,F
Raghda,F
Raghia,F
Rahho,M
Rahmani,M
Raiss,F
Rafie,M
Raghib,M
Samiya,F
Samra,F
Samraa,F
Samy,M
Samyae,F
Sanabil,F
Sanad,F
Rajate,F
Ramya,F
Rajah,F
Raoua,F
Rawya,F
Razzouk,M
Rchid,M
Ranim,F
Raoui,M
Sania,F
Saoud,M
Saouda,F
Saoussane,F
Regraguia,F
Rhaita,F
Rhali,M
Rhannou,F
Riane,F
Rida allah,M
Rhizlene,F
Sarae,F
Sarhir,M
Sarrah,F
Sassi,M
Sawsan,F
Sayd,M
Sayeh,M
Sayf eddine,M
Seddik,M
Sedik,M
Sediya,F
Seghir,M
Seham,F
Rihame,F
Rizki,M
Sekkou,M
Sekou,M
Sellam,M
Sellamia,F
Seloua,F
Selwa,F
Serghini,M
Serhir,M
Serrhini,M
Sfiya,F
Shaba,F
Sidi abdelkader,M
Sidiahmed,M
Si hassan,M
Sidi abderrahman,M
Sidati,M
Sidiabdellah,M
Sidi ali,M
Sidi brahim,M
Rizqy,F
Rkaya,F
Roa,F
Rodayna,F
Rokiya,F
Roqiya,F
Ryme,F
Sidihassan,M
Sidi jamal,M
Sidi moh,M
Sidimohamedmine,M
Sidisaid,M
Sidiabdelaziz,M
Sidiabdelfettah,M
Sidiabdellouahed,M
Sidiabdelmalek,M
Sidiabdenbi,M
Sidi abdellatif,M
Sidibouya,M
Sididriss,M
Sidielhoussaine,M
Sidilbachir,M
Sidimohammedali,M
Sidinourddine,M
Sidiomar,M
Sidirachid,M
Roua,F
Rym,F
Saâdia,F
Siimohamedelarabi,M
Sabbar,M
Saddek,M
Saddiq,M
Sadki,M
Saeid,M
Sirine,F
Sisalah,M
Slama,M
Slayma,M
Slimania,F
Smael,M
Smain,M
Smaine,M
Soaid,M
Sobha,F
Sahib,M
Sahila,F
Sahli,M
Sofya,F
Sofyenne,M
Souhayla,F
Sohdia,F
Soulaymane,M
Somia,F
Sonia,F
Sooad,F
Soodia,F
Safir,M
Sahbi,M
Sahil,M
Souadou,F
Souada,F
Souidi,M
Souda,F
Soufaine,M
Soufiana,F
Souha,F
Souhad,F
Souilam,M
Souilem,M
Soukaila,F
Souma,F
Saila,F
Soumayah,F
Salah eddne,M
Soumicha,F
Salhia,F
Souri,M
Soussou,M
Suad,F
Syham,F
Syrine,F
Taazza,F
Tachfine,M
Taha omar,M
Taha yassine,M
Salhi,M
Taher,M
Tahiri,F
Tahr,M
Tahri,M
Taieb,M
Taja,F
Tajani,M
Tajania,F
Tajdine,M
Taki,M
Talal,M
Talbi,M
Taleb,M
Talia,F
Talib,M
Tallouk,F
Tam,F
Tami,M
Tamim,M
Tamimount,F
Tamo,F
Sallem,M
Taoufyq,M
Taouil,F
Taouss,F
Tareq,M
Samahe,F
Taryq,M
Taslam,F
Taslem,F
Tawab,F
Tayaa,M
Taybi,M
Tayib,M
Tbatou,F
Tebaa,M
Techfa,F
Tfarrah,F
Tibari,M
Tidar,F
Tifawt,F
Tilila,F
Tijane,F
Tlaitmas,F
Torya,F
Toto,M
Touaiba,F
Touayba,F
Touba,F
Samine,F
Toufa,F
Touhfa,F
Touhamia,F
Touil,F
Toumana,F
Toumi,M
Toumia,F
Tounsi,M
Samyra,F
Touti,F
Turia,F
Wadad,F
Wadi,M
Wahib,M
Wahid,M
Wahida,F
Walaa,F
Wardia,F
Wassila,F
Wassim,M
Weam,F
Weame,F
Wessal,F
Wiaam,F
Wical,F
Widiane,F
Wifak,F
Wihad,F
Wisal,F
Yaacoub,M
Yaakoub,M
Yacir,M
Yahdih,M
Yahdiha,F
Yahia,M
Montacer billah,M
Yahjabouha,F
Yahyaoui,M
Yaich,M
Yakhlef,M
Yamani,M
Yaqout,F
Yaser,M
Sanhaji,F
Sanna,F
Saqina,F
Sannaa,F
Saouab,M
Mouaouia,M
Mouh,M
Yatto,F
Yattou,F
Yazid,M
Ydir,M
Yedir,M
Yetto,F
Yettou,F
Yezza,F
Yidir,M
Ylham,F
Ymane,F
Youb,M
Youcef,M
Saraa,F
Sarghini,M
Sayah,M
Sayda,F
Sead,F
Sebbane,F
Sefia,F
Sefiane,M
Sehli,M
Sbaai,M
Sbiti,M
Sekkat,F
Seltana,F
Semia,F
Semlali,F
Sherine,F
Si lahcen,M
Sidi abdelali,M
Sidi abderrahim,M
Sidi hamza,M
Sidikhalid,M
Sidi larbi,M
Serhani,M
Shaimae,F
Shaymae,F
Sidi abdeslam,M
Sidi allal,M
Sidi lahbib,M
Sidi lahcen,M
Sidi sidi mohamed,M
Sidiajib,M
Sidiamid,M
Sidilekbir,M
Sidimustapha,M
Sidiotman,M
Sidi salah,M
Younous,M
Yousf,M
Yousri,M
Soulaima,F
Slima,M
Smahi,M
Smaiel,M
Simustapha,M
Somya,F
Sorour,F
Ytto,F
Yzza,F
Zaari,M
Zahi,M
Zahid,M
Soudani,M
Zahraa,F
Zaida,F
Zaidi,M
Zaim,M
Zaineba,F
Zainiba,F
Soulma,F
Soubiha,F
Zannoub,F
Zaroual,M
Zayad,M
Zaydane,M
Zayna,F
Soulayma,F
Zaynaba,F
Zayneb,F
Zehor,F
Zehra,F
Zeinab,F
Zenab,F
Zeneb,F
Zennou,F
Zeroual,M
Zeyneb,F
Zhore,F
Z'hour,F
Ziad,M
Zina,F
Zinb,F
Zinba,F
Zine,F
Zinouba,F
Zitouni,M
Zitounia,F
Zohair,M
Zohor,F
Zohour,F
Zouaoui,M
Sounia,F
Taeib,M
Zouina,F
Zoulfa,F
Tahir,M
Taj,M
Talbia,F
Talbiatima,F
Talha,M
Tantaoui,F
Nafea,M
Tadlaoui,F
Tadli,M
Tahira,F
Taous,F
Talhaoui,UNKNOWN
Talibi,M
Talya,F
Tanae,F
Tayab,M
Tarki,F
Tayb,M
Tayebi,M
Tekfa,F
Taymia,F
Tibaria,F
Tieb,M
Tifa,F
Tijini,M
Titrit,F
Toumader,F
Toria,F
Toumadhir,F
Wael,M
Wahbi,M
Wajih,M
Wedad,F
Najjari,M
Wyssal,F
Yaaqoub,M
Yachou,M
Yacin,M
Yacout,F
Yahiya,M
Yasin,M
Yatrib,F
Yazidi,M
Yhdih,M
Yiddir,M
Yassira,F
Yassyne,M
Yman,F
Youba,M
Yusra,F
Zaarat,F
Zad,M
Zaher,M
Zahoua,F
Zahrae,F
Zainb,F
Zana,F
Zannouba,F
Zarrouk,M
Zehour,F
Zekraoui,M
Zemmouri,M
Zenib,F
Zennouba,F
Oifa,F
Ziane,M
Ziani,M
Zahiri,F
Zahour,F
Zinebe,F
Ziyad,M
Zolfa,F
Zair,M
Ouael,M
Zaquia,F
Zazia,F
Zbair,M
Qassou,M
Rahila,F
Raounaq,F
Rkaia,F
Sadiqa,F
Saloia,F
Shaimaa,F
Sohad,F
Soulal,F
Taouab,F
Yassima,F
Zaroil,M
Ziouziou,F
aadane,M
abdelaaziz,M
abdelhadi,M
abdelhakym,M
abdelhalim,M
sofyane,M
soumaya,F
gabbassi,M
